id_municipio,n_alunos,taxa_observada,taxa_prevista,sigla_uf,nome_regiao,rede,meta_alfabetizacao_2024,meta_alfabetizacao_2025,lag1_taxa_alfabetizacao,lag1_media_portugues,populacao,pib_per_capita,ivs,risco,gap_meta_2024,risco_nao_atingir_meta_2024,gap_meta_2025,risco_nao_atingir_meta_2025,rank_risco,cluster
2403509,14,0.35714285714285715,0.21456045625280487,RN,Nordeste,municipal,,53.38,18.07,704.8803,10936,11583.94294074616,0.518,0.7854395437471952,,False,-31.923954374719514,True,1,0
2907202,80,0.2625,0.23356577172105122,BA,Nordeste,municipal,19.44,27.82,13.13,700.3841,75815,14974.292686143903,,0.7664342282789488,3.9165771721051215,False,-4.4634228278948775,True,2,0
2928307,10,0.1,0.2336469570560898,BA,Nordeste,municipal,,31.5,26.96,719.0038,9023,9362.96132106838,,0.7663530429439103,,False,-8.13530429439102,True,3,0
2410108,12,0.16666666666666666,0.2502642725306405,RN,Nordeste,municipal,,,10.4,692.2108,12619,12766.701006418893,0.309,0.7497357274693595,,False,,False,4,0
2805109,12,0.08333333333333333,0.2534786702684425,SE,Nordeste,municipal,21.39,29.87,14.81,689.1903,7416,17336.839266450916,,0.7465213297315575,3.9578670268442515,False,-4.522132973155749,True,5,0
2911006,14,0.5,0.2542315107905075,BA,Nordeste,municipal,21.74,30.23,15.12,704.0523,11442,11718.14368117462,0.435,0.7457684892094925,3.6831510790507487,False,-4.806848920949253,True,6,0
4304630,128,0.2734375,0.2570597819889843,RS,Sul,estadual,,42.44,46.84,735.902,66012,39207.43198206387,0.212,0.7429402180110156,,False,-16.734021801101566,True,7,1
2926004,49,0.1836734693877551,0.25757003962361785,BA,Nordeste,municipal,32.32,40.5,25.1,714.7749,42746,13413.722921442943,,0.7424299603763822,-6.562996037638214,True,-14.742996037638214,True,8,0
2804706,13,0.8461538461538461,0.25976282864645645,SE,Nordeste,municipal,26.18,34.69,19.15,694.0713,6404,18099.625234228606,0.393,0.7402371713535436,-0.20371713535435632,True,-8.713717135354354,True,9,0
2401602,9,0.2222222222222222,0.26190267403230144,RN,Nordeste,municipal,21.48,29.96,14.89,694.0429,4920,26134.959349593497,0.463,0.7380973259676986,4.710267403230144,False,-3.769732596769856,True,10,0
2402907,3,0.0,0.26223142481947,RN,Nordeste,municipal,31.08,39.35,23.86,696.9786,4315,12553.88180764774,,0.7377685751805301,-4.856857518053001,True,-13.126857518053004,True,11,0
1501204,44,0.2727272727272727,0.263331880262606,PA,Norte,municipal,34.71,42.66,27.52,717.4037,55949,14287.35098035711,,0.736668119737394,-8.3768119737394,True,-16.326811973739396,True,12,0
1504406,33,0.3939393939393939,0.26389555480179283,PA,Norte,municipal,35.89,43.72,28.74,711.6974,28105,11881.907133961928,0.407,0.7361044451982072,-9.500444519820718,True,-17.330444519820716,True,13,0
1500701,55,0.2909090909090909,0.26437857120917785,PA,Norte,municipal,34.01,42.04,26.81,714.0325,30003,12360.030663600306,,0.7356214287908222,-7.5721428790822145,True,-15.602142879082216,True,14,0
2800670,21,0.38095238095238093,0.2664531273157918,SE,Nordeste,municipal,29.96,38.3,22.76,702.1021,25038,17438.932822110393,0.373,0.7335468726842083,-3.3146872684208226,True,-11.654687268420819,True,15,0
2922904,34,0.38235294117647056,0.26779678842164983,BA,Nordeste,municipal,29.32,37.7,22.14,718.147,24906,13725.287079418615,,0.7322032115783501,-2.5403211578350167,True,-10.92032115783502,True,16,0
2922656,25,0.16,0.2711739771824534,BA,Nordeste,municipal,38.28,45.83,31.25,718.8869,19500,9464.71794871795,,0.7288260228175466,-11.162602281754662,True,-18.71260228175466,True,17,0
2924108,6,0.0,0.27183832825052023,BA,Nordeste,municipal,27.85,36.3,20.72,708.0435,6415,10744.19329696025,,0.7281616717494798,-0.6661671749479794,True,-9.116167174947975,True,18,0
2907004,16,0.4375,0.2723974381248405,BA,Nordeste,municipal,33.87,41.91,26.67,718.4729,8634,16219.828584665276,,0.7276025618751595,-6.630256187515947,True,-14.670256187515946,True,19,0
2902203,17,0.17647058823529413,0.2729281672120959,BA,Nordeste,municipal,28.9,37.3,21.73,712.838,10122,13707.666469077258,,0.7270718327879041,-1.6071832787904086,True,-10.007183278790407,True,20,0
2929206,53,0.2641509433962264,0.2734140859848879,BA,Nordeste,municipal,37.11,44.81,30.02,719.9263,40932,647555.384540213,0.376,0.7265859140151121,-9.768591401511209,True,-17.468591401511212,True,21,1
2902708,84,0.2619047619047619,0.274060890390189,BA,Nordeste,municipal,34.04,42.06,26.84,708.2513,53528,10433.660887759677,0.479,0.725939109609811,-6.633910960981101,True,-14.653910960981104,True,22,0
2905305,31,0.1935483870967742,0.27432150935310634,BA,Nordeste,municipal,28.79,37.2,21.63,708.5645,18039,15367.481567714396,,0.7256784906468936,-1.3578490646893648,True,-9.767849064689369,True,23,0
2909901,56,0.2857142857142857,0.2755174910452235,BA,Nordeste,municipal,36.77,44.5,29.66,714.6036,36021,13878.903972682601,0.404,0.7244825089547765,-9.218250895477652,True,-16.94825089547765,True,24,0
3305109,455,0.2681318681318681,0.27607538837922885,RJ,Sudeste,municipal,44.12,50.86,37.6,722.9443,466536,24722.73736646261,0.419,0.7239246116207712,-16.512461162077113,True,-23.252461162077115,True,25,0
2927507,20,0.3,0.2764010285226347,BA,Nordeste,municipal,28.15,36.59,21.01,710.8043,21723,10573.677668830273,0.481,0.7235989714773653,-0.5098971477365275,True,-8.949897147736532,True,26,0
2932408,16,0.375,0.2794387258768862,BA,Nordeste,municipal,40.0,47.33,33.09,718.8527,13880,12771.253602305476,,0.7205612741231138,-12.056127412311383,True,-19.38612741231138,True,27,0
4201950,35,0.22857142857142856,0.2805355275643048,SC,Sul,municipal,,,43.72,730.7152,17215,17548.707522509438,,0.7194644724356952,,False,,False,28,0
2907103,40,0.25,0.28079239040316606,BA,Nordeste,municipal,35.7,43.56,28.55,718.6228,30375,12412.674897119341,0.413,0.7192076095968339,-7.620760959683398,True,-15.480760959683398,True,29,0
2803203,52,0.36538461538461536,0.2815634861216288,SE,Nordeste,municipal,31.53,39.77,24.31,704.838,35863,15680.952513732816,0.553,0.7184365138783713,-3.3736513878371213,True,-11.613651387837123,True,30,0
2913457,10,0.6,0.2830114363683283,BA,Nordeste,municipal,37.38,45.04,30.3,723.3475,13528,18333.456534594916,,0.7169885636316717,-9.07885636316717,True,-16.738856363167166,True,31,0
1507474,36,0.2777777777777778,0.28332869792469484,PA,Norte,municipal,36.94,44.66,29.84,721.319,21447,10858.301860400055,,0.7166713020753052,-8.607130207530513,True,-16.327130207530512,True,32,0
1507003,50,0.2,0.28334181116969837,PA,Norte,municipal,32.94,41.06,25.72,715.0566,29134,23590.6844236974,0.433,0.7166581888303016,-4.60581888303016,True,-12.725818883030165,True,33,0
2414605,10,0.0,0.28335122227621695,RN,Nordeste,municipal,,,24.81,711.7605,14013,26419.753086419754,,0.7166487777237831,,False,,False,34,0
2916906,13,0.15384615384615385,0.28373362450143036,BA,Nordeste,municipal,39.79,47.15,32.86,719.9003,11261,13498.889974247402,0.382,0.7162663754985696,-11.416637549856965,True,-18.776637549856964,True,35,0
4306767,71,0.19718309859154928,0.2867019075687295,RS,Sul,estadual,,,82.35,766.8801,40954,64059.45695170191,0.279,0.7132980924312705,,False,,False,36,1
2924603,31,0.5483870967741935,0.2883236685956754,BA,Nordeste,municipal,41.0,48.19,34.17,720.5313,19625,10960.662420382165,0.364,0.7116763314043246,-12.167633140432464,True,-19.357633140432462,True,37,0
2928505,15,0.2,0.2894687573463784,BA,Nordeste,municipal,33.84,41.88,26.63,723.7739,10847,15245.597861159767,,0.7105312426536217,-4.8931242653621645,True,-12.933124265362164,True,38,0
1718865,19,0.21052631578947367,0.2894910865225039,TO,Norte,municipal,23.48,32.01,16.67,705.2162,7489,27067.298704766992,0.401,0.7105089134774961,5.469108652250387,False,-3.0608913477496102,True,39,0
2900207,23,0.08695652173913043,0.2899340861434182,BA,Nordeste,municipal,35.44,43.32,28.28,715.1441,18240,12293.804824561403,0.515,0.7100659138565818,-6.446591385658177,True,-14.32659138565818,True,40,0
2911659,13,0.46153846153846156,0.29069497956323176,BA,Nordeste,municipal,36.33,44.11,29.2,721.3091,8225,10490.699088145897,,0.7093050204367682,-7.260502043676823,True,-15.040502043676824,True,41,0
1709005,22,0.3181818181818182,0.2910246139426215,TO,Norte,municipal,18.74,27.07,12.54,698.3088,12816,24123.51747815231,,0.7089753860573784,10.362461394262155,False,2.032461394262153,False,42,0
2930402,14,0.5714285714285714,0.2921287136262144,BA,Nordeste,municipal,38.83,46.32,31.84,722.6546,18685,9379.60931228258,,0.7078712863737856,-9.61712863737856,True,-17.107128637378562,True,43,0
2706109,17,0.4117647058823529,0.29305021213248617,AL,Nordeste,municipal,27.52,35.99,20.41,697.211,11699,12863.91999316181,0.569,0.7069497878675138,1.7850212132486156,False,-6.684978786751387,True,44,0
2926103,15,0.13333333333333333,0.2951353467814361,BA,Nordeste,municipal,25.46,33.98,18.48,709.4261,14147,12408.849932847954,0.404,0.7048646532185638,4.05353467814361,False,-4.466465321856386,True,45,0
2403806,5,0.2,0.29628287775255946,RN,Nordeste,municipal,42.91,49.83,36.26,723.9467,10528,14485.372340425532,0.336,0.7037171222474405,-13.281712224744052,True,-20.201712224744053,True,46,0
2910800,633,0.292259083728278,0.29714716087815146,BA,Nordeste,municipal,38.95,46.42,31.96,723.2547,657948,33203.923410360694,0.257,0.7028528391218485,-9.235283912184858,True,-16.705283912184857,True,47,0
1507201,33,0.36363636363636365,0.2972227989470885,PA,Norte,municipal,37.87,45.48,30.82,723.5574,32449,20157.1388948812,,0.7027772010529115,-8.14772010529115,True,-15.757720105291149,True,48,0
2921401,21,0.23809523809523808,0.2982807199956331,BA,Nordeste,municipal,40.59,47.84,33.73,719.9177,16185,10329.996910719803,,0.7017192800043669,-10.761928000436694,True,-18.011928000436694,True,49,0
2805901,15,0.4,0.29880778347975745,SE,Nordeste,municipal,17.27,25.46,11.32,681.9556,8875,27105.690140845072,0.347,0.7011922165202426,12.610778347975746,False,4.4207783479757445,False,50,0
2412807,10,0.3,0.2993439962998118,RN,Nordeste,municipal,26.88,35.36,19.8,714.285,7899,13702.367388276996,,0.7006560037001882,3.05439962998118,False,-5.42560037001882,True,51,0
2913101,10,0.0,0.3006386417663207,BA,Nordeste,municipal,33.31,41.4,26.1,716.6637,17509,10375.806727968473,,0.6993613582336793,-3.246135823367929,True,-11.336135823367925,True,52,0
2918555,11,0.18181818181818182,0.3007805272754832,BA,Nordeste,municipal,42.54,49.51,35.85,711.9588,6059,14920.613962700116,0.461,0.6992194727245168,-12.461947272451678,True,-19.431947272451676,True,53,0
1600501,79,0.189873417721519,0.3027805063407355,AP,Norte,municipal,33.3,41.39,26.09,711.1884,30481,26913.94639283488,0.389,0.6972194936592645,-3.021949365926446,True,-11.11194936592645,True,54,0
2801009,24,0.375,0.3029444976658264,SE,Nordeste,estadual,45.54,52.05,37.93,706.5823,18646,19006.006650219886,0.353,0.6970555023341736,-15.245550233417362,True,-21.75555023341736,True,55,0
2402303,23,0.30434782608695654,0.30548428739482286,RN,Nordeste,municipal,32.45,40.62,25.23,708.1584,20161,26795.942661574325,0.384,0.6945157126051771,-1.9015712605177164,True,-10.071571260517711,True,56,0
2925402,13,0.15384615384615385,0.30579356001502433,BA,Nordeste,municipal,35.06,42.98,27.88,715.7007,10636,14219.913501316285,0.385,0.6942064399849757,-4.48064399849757,True,-12.400643998497564,True,57,0
2908200,18,0.2222222222222222,0.30622105077739564,BA,Nordeste,municipal,38.68,46.19,31.68,726.4823,21499,20028.93157821294,0.436,0.6937789492226043,-8.057894922260434,True,-15.567894922260432,True,58,0
2931202,20,0.5,0.3087850938000801,BA,Nordeste,municipal,45.23,51.79,38.83,725.9364,18571,13713.962629906844,0.481,0.6912149061999199,-14.351490619991985,True,-20.911490619991987,True,59,0
2929370,10,0.2,0.30909564049941146,BA,Nordeste,municipal,30.39,38.7,23.18,710.8977,10556,14608.848048503221,0.433,0.6909043595005886,0.5195640499411454,False,-7.790435950058857,True,60,0
2414704,4,0.25,0.3094415099448777,RN,Nordeste,municipal,24.12,32.65,17.25,709.7628,5383,13524.614527215308,0.374,0.6905584900551223,6.824150994487766,False,-1.7058490055122313,True,61,0
4209300,264,0.38257575757575757,0.31139453463144334,SC,Sul,estadual,53.71,58.78,46.68,734.5681,171609,48608.46459101795,,0.6886054653685567,-22.570546536855666,True,-27.640546536855666,True,62,1
2801504,22,0.22727272727272727,0.3116603024012451,SE,Nordeste,municipal,32.07,40.27,24.85,707.1952,14179,32753.861344241483,0.328,0.6883396975987549,-0.9039697598754906,True,-9.103969759875493,True,63,0
2415008,14,0.2857142857142857,0.312949422975472,RN,Nordeste,municipal,26.43,34.93,19.38,707.2591,3289,15160.535117056856,0.483,0.687050577024528,4.864942297547202,False,-3.635057702452798,True,64,0
2902609,9,0.4444444444444444,0.31342141852423977,BA,Nordeste,municipal,42.94,49.85,36.29,725.0766,18680,12136.188436830835,0.49,0.6865785814757602,-11.59785814757602,True,-18.507858147576023,True,65,0
2800100,1,0.0,0.3135845332318969,SE,Nordeste,municipal,47.31,53.53,41.18,710.481,2206,22398.912058023572,,0.686415466768103,-15.951546676810313,True,-22.171546676810312,True,66,0
2406155,3,0.6666666666666666,0.3143739579951196,RN,Nordeste,municipal,,41.43,54.55,729.6926,3859,12254.729204457113,,0.6856260420048804,,False,-9.992604200488042,True,67,0
2402501,18,0.3888888888888889,0.3145433564075273,RN,Nordeste,municipal,34.58,42.55,27.39,718.793,10010,23158.44155844156,,0.6854566435924727,-3.1256643592472706,True,-11.09566435924727,True,68,0
2410900,13,0.15384615384615385,0.3151733166949081,RN,Nordeste,estadual,47.19,53.43,41.67,732.6325,7627,41947.16140028845,0.424,0.6848266833050919,-15.672668330509186,True,-21.912668330509188,True,69,0
2406403,1,0.0,0.3155263019023603,RN,Nordeste,municipal,47.75,53.89,41.67,729.4784,2633,18588.682111659702,,0.6844736980976397,-16.19736980976397,True,-22.33736980976397,True,70,0
2905156,7,0.5714285714285714,0.3163909725182795,BA,Nordeste,municipal,32.08,40.28,24.86,711.4236,11500,9922.869565217392,0.511,0.6836090274817205,-0.44090274817204644,True,-8.64090274817205,True,71,0
2900702,143,0.3356643356643357,0.3169474547705729,BA,Nordeste,municipal,40.44,47.72,33.57,721.9653,160662,35510.74305062803,0.334,0.6830525452294272,-8.745254522942709,True,-16.02525452294271,True,72,0
2924207,17,0.5294117647058824,0.31711329076926387,BA,Nordeste,municipal,36.27,44.06,29.14,718.1314,14288,12516.097424412093,0.45,0.6828867092307361,-4.558670923073617,True,-12.348670923073616,True,73,0
2906857,10,0.7,0.3178372452942565,BA,Nordeste,municipal,42.56,49.53,35.87,716.9949,11055,14865.852555404794,0.411,0.6821627547057435,-10.776275470574351,True,-17.74627547057435,True,74,0
2919504,59,0.4406779661016949,0.31824969077709536,BA,Nordeste,municipal,44.87,51.48,38.43,727.3093,46249,15254.18927976821,0.225,0.6817503092229047,-13.045030922290461,True,-19.65503092229046,True,75,0
2401305,9,0.4444444444444444,0.3183973383217635,RN,Nordeste,municipal,42.79,49.73,36.13,724.9476,10045,13577.999004479841,0.42,0.6816026616782365,-10.950266167823653,True,-17.89026616782365,True,76,0
1200393,16,0.25,0.3187790859775247,AC,Norte,municipal,,47.15,,,11275,17783.769401330377,,0.6812209140224753,,False,-15.27209140224753,True,77,0
2927705,54,0.3888888888888889,0.3191145259252577,BA,Nordeste,municipal,46.67,52.99,40.45,726.1732,30862,21045.363229861967,,0.6808854740747423,-14.758547407474232,True,-21.078547407474233,True,78,0
2414308,3,0.6666666666666666,0.31932800036297215,RN,Nordeste,municipal,27.96,36.41,20.83,712.7196,2420,19562.396694214876,,0.6806719996370278,3.9728000362972153,False,-4.47719996370278,True,79,0
2803708,7,0.42857142857142855,0.3197391266644121,SE,Nordeste,municipal,44.75,51.39,38.3,717.9644,7024,19407.46013667426,0.32,0.6802608733355879,-12.776087333558788,True,-19.41608733355879,True,80,0
2922854,8,0.0,0.3217353251680032,BA,Nordeste,municipal,38.9,46.37,31.91,718.967,7708,12080.30617540218,0.475,0.6782646748319968,-6.726467483199677,True,-14.196467483199676,True,81,0
1505304,119,0.29411764705882354,0.3223539562313788,PA,Norte,municipal,41.32,48.47,34.52,720.7808,72460,24005.13386696108,0.346,0.6776460437686211,-9.084604376862117,True,-16.234604376862116,True,82,0
4301636,30,0.4666666666666667,0.3223635827180294,RS,Sul,municipal,61.97,65.43,58.38,740.5386,15371,21673.86637173899,0.253,0.6776364172819707,-29.733641728197057,True,-33.193641728197065,True,83,0
4314050,92,0.33695652173913043,0.32249605594782105,RS,Sul,municipal,61.51,65.06,57.83,743.7019,53555,32223.80730090561,0.188,0.677503944052179,-29.260394405217895,True,-32.8103944052179,True,84,1
2410801,11,0.7272727272727273,0.32470095197933346,RN,Nordeste,municipal,52.8,58.04,47.5,731.5604,4243,12688.192316757011,,0.6752990480206665,-20.32990480206665,True,-25.569904802066652,True,85,0
2802809,41,0.3170731707317073,0.32493453194270605,SE,Nordeste,municipal,44.78,51.41,38.33,721.9103,16949,19050.563455071097,0.497,0.675065468057294,-12.286546805729394,True,-18.91654680572939,True,86,0
2405306,7,0.0,0.32520466689197985,RN,Nordeste,municipal,,,45.53,735.6139,8836,11648.257129923042,0.344,0.6747953331080201,,False,,False,87,0
2904407,13,0.5384615384615384,0.32579947618989047,BA,Nordeste,municipal,47.23,53.46,41.09,727.6814,9377,15666.311186946785,0.534,0.6742005238101095,-14.650052381010951,True,-20.880052381010955,True,88,0
2905602,24,0.16666666666666666,0.3274350458233345,BA,Nordeste,municipal,40.84,48.06,34.0,724.4822,22756,20687.291263842504,0.266,0.6725649541766655,-8.096495417666553,True,-15.316495417666552,True,89,0
2401453,27,0.48148148148148145,0.32896452175007085,RN,Nordeste,municipal,38.99,46.46,32.01,716.9271,28268,35063.110230649494,0.474,0.6710354782499292,-6.093547824992918,True,-13.563547824992916,True,90,0
1303536,71,0.22535211267605634,0.3298123873100213,AM,Norte,municipal,41.0,48.19,34.17,714.1336,33004,22127.71179251,0.326,0.6701876126899786,-8.01876126899787,True,-15.208761268997868,True,91,0
1507102,20,0.55,0.33004339866217747,PA,Norte,municipal,40.26,47.56,33.37,723.1439,17248,14020.698051948051,,0.6699566013378225,-7.25566013378225,True,-14.555660133782254,True,92,0
2906907,37,0.3783783783783784,0.3305071317171265,BA,Nordeste,municipal,47.08,53.33,40.91,728.5295,21229,19469.546375241414,,0.6694928682828736,-14.029286828287347,True,-20.279286828287347,True,93,0
1502855,29,0.27586206896551724,0.3309200495714543,PA,Norte,municipal,44.07,50.81,37.54,727.9161,14834,12954.563839827424,,0.6690799504285456,-10.977995042854566,True,-17.717995042854568,True,94,0
2903201,268,0.31343283582089554,0.33216418703659634,BA,Nordeste,municipal,44.47,51.14,37.98,728.3763,170667,55661.01824019875,0.243,0.6678358129634037,-11.253581296340364,True,-17.923581296340366,True,95,1
1502103,186,0.3655913978494624,0.3329021154018713,PA,Norte,municipal,46.63,52.96,40.41,726.6077,143837,13220.193691470206,0.378,0.6670978845981287,-13.339788459812873,True,-19.66978845981287,True,96,0
4301602,138,0.41304347826086957,0.3330581380095544,RS,Sul,municipal,64.98,67.83,62.01,745.1006,121900,36216.30844954881,0.318,0.6669418619904456,-31.674186199044563,True,-34.52418619904456,True,97,1
2802700,21,0.14285714285714285,0.3341123188905003,SE,Nordeste,municipal,34.17,42.18,26.97,704.8234,8495,13936.668628605063,0.506,0.6658876811094997,-0.7587681109499727,True,-8.76876811094997,True,98,0
1200351,24,0.5,0.3346031719811003,AC,Norte,municipal,,66.11,,,17951,16046.18127123837,,0.6653968280188998,,False,-32.64968280188997,True,99,0
2413805,5,0.4,0.33483827552983303,RN,Nordeste,municipal,51.04,56.6,45.45,731.5928,2406,18103.075644222776,0.39,0.665161724470167,-17.5561724470167,True,-23.1161724470167,True,100,0
4214409,15,0.26666666666666666,0.3351014981754451,SC,Sul,municipal,,,51.1,738.7159,6386,51509.55214531788,0.166,0.6648985018245549,,False,,False,101,1
2702553,21,0.19047619047619047,0.3351286132536462,AL,Nordeste,municipal,41.35,48.49,34.55,720.4538,15701,11277.179797465129,,0.6648713867463538,-7.8371386746353835,True,-14.977138674635384,True,102,0
2405108,7,0.5714285714285714,0.33658518260906856,RN,Nordeste,municipal,37.5,45.15,30.43,719.1709,6748,53889.74510966212,0.542,0.6634148173909314,-3.8414817390931475,True,-11.491481739093146,True,103,0
2806008,16,0.25,0.3367044241930223,SE,Nordeste,municipal,40.54,47.8,33.67,723.3361,17362,21430.192374150443,,0.6632955758069776,-6.869557580697766,True,-14.129557580697764,True,104,0
2403251,257,0.23735408560311283,0.33742446563374595,RN,Nordeste,municipal,50.04,55.79,44.3,733.5997,269298,28253.184204858557,0.207,0.662575534366254,-16.297553436625407,True,-22.047553436625407,True,105,1
2404002,8,0.375,0.33783332090629464,RN,Nordeste,municipal,27.09,35.57,20.0,693.5704,4231,13943.275821318837,0.353,0.6621666790937053,6.693332090629465,False,-1.7866679093705358,True,106,0
2801306,49,0.32653061224489793,0.33858895038003883,SE,Nordeste,municipal,40.4,47.68,33.52,718.1303,32716,18188.684435750092,0.494,0.6614110496199612,-6.541104961996112,True,-13.821104961996113,True,107,0
2412500,40,0.55,0.33858946249490013,RN,Nordeste,municipal,46.13,52.54,39.84,728.4335,24329,17265.978872949978,,0.6614105375050998,-12.271053750509992,True,-18.68105375050999,True,108,0
1301407,68,0.3088235294117647,0.3387024850869031,AM,Norte,municipal,,,19.19,704.2083,35534,19239.038667191984,0.582,0.6612975149130969,,False,,False,109,0
1302306,76,0.27631578947368424,0.3389328630535116,AM,Norte,estadual,43.26,50.12,57.14,739.8122,27656,14266.343650564073,0.631,0.6610671369464884,-9.366713694648837,True,-16.226713694648836,True,110,0
1300839,18,0.1111111111111111,0.3393756584333475,AM,Norte,municipal,,30.23,30.2,718.374,14310,15311.809923130679,0.614,0.6606243415666525,,False,3.707565843334752,False,111,0
2409209,4,0.75,0.3393916453710224,RN,Nordeste,municipal,52.73,57.99,47.42,732.2054,3222,14457.790192427065,0.476,0.6606083546289776,-18.790835462897753,True,-24.05083546289776,True,112,0
2414100,16,0.375,0.34089841384338115,RN,Nordeste,municipal,48.81,54.77,42.88,733.7094,10587,13487.768017379805,0.36,0.6591015861566188,-14.720158615661887,True,-20.680158615661888,True,113,0
2913200,45,0.28888888888888886,0.34133191027731213,BA,Nordeste,municipal,48.37,54.41,42.38,727.9317,27670,19668.558005059633,,0.6586680897226879,-14.236808972268783,True,-20.276808972268782,True,114,0
1703008,7,0.2857142857142857,0.34238776886817135,TO,Norte,municipal,27.6,36.07,20.49,707.7983,7779,21781.84856665381,0.319,0.6576122311318287,6.6387768868171335,False,-1.8312231131828653,True,115,0
4313508,72,0.2777777777777778,0.34262579700560253,RS,Sul,estadual,69.76,71.66,54.9,737.0979,48929,43776.69684645098,0.19,0.6573742029943974,-35.49742029943975,True,-37.397420299439744,True,116,1
4304606,492,0.3313008130081301,0.3427494782731814,RS,Sul,municipal,57.6,61.93,53.16,738.7472,359554,81119.1003298531,0.119,0.6572505217268185,-23.325052172681858,True,-27.655052172681856,True,117,1
2411809,6,0.6666666666666666,0.3429671515049448,RN,Nordeste,municipal,,,47.14,735.0428,3600,21544.444444444445,0.282,0.6570328484950552,,False,,False,118,0
1720200,32,0.28125,0.3438719350847017,TO,Norte,municipal,34.18,42.19,26.98,715.4815,13939,17191.620632757014,,0.6561280649152983,0.20719350847016926,False,-7.802806491529829,True,119,0
2406304,6,0.16666666666666666,0.3472876855721759,RN,Nordeste,municipal,52.99,58.2,47.72,732.917,7577,13333.773261185166,0.309,0.6527123144278242,-18.261231442782417,True,-23.47123144278242,True,120,0
2924801,24,0.4166666666666667,0.347601989643257,BA,Nordeste,municipal,48.97,54.9,43.07,733.8389,17838,12272.17176813544,0.451,0.652398010356743,-14.209801035674296,True,-20.139801035674296,True,121,0
2706802,38,0.39473684210526316,0.3520703430639202,AL,Nordeste,municipal,38.74,46.24,31.74,713.1882,16201,29657.675452132586,0.45,0.6479296569360797,-3.5329656936079843,True,-11.032965693607984,True,122,0
1505700,30,0.5333333333333333,0.3528223792136001,PA,Norte,municipal,45.11,51.69,38.7,725.581,25767,12162.53347304692,0.647,0.6471776207864,-9.827762078639992,True,-16.40776207863999,True,123,0
1200500,86,0.5581395348837209,0.3549876777157339,AC,Norte,municipal,,67.71,,,43916,22147.91875398488,0.474,0.6450123222842661,,False,-32.2112322284266,True,124,0
2902401,21,0.23809523809523808,0.35503707049822986,BA,Nordeste,municipal,48.61,54.6,42.65,731.5784,11409,15778.858795687614,0.48,0.6449629295017701,-13.106292950177014,True,-19.096292950177016,True,125,0
4321204,79,0.3924050632911392,0.3563441630084653,RS,Sul,estadual,66.57,69.1,52.99,742.2362,54360,33402.77777777778,0.185,0.6436558369915347,-30.93558369915347,True,-33.46558369915347,True,126,1
2930709,173,0.3236994219653179,0.35675387956431515,BA,Nordeste,municipal,48.58,54.58,42.62,731.1524,120394,70670.63973287705,0.394,0.6432461204356849,-12.904612043568484,True,-18.904612043568484,True,127,0
4306932,14,0.2857142857142857,0.3581571713187189,RS,Sul,estadual,,56.56,55.58,742.4605,9364,51147.3729175566,,0.6418428286812812,,False,-20.744282868128117,True,128,1
4307054,6,0.3333333333333333,0.35823943512435724,RS,Sul,municipal,64.9,67.77,61.92,744.9443,3097,52771.71456247982,,0.6417605648756428,-29.07605648756428,True,-31.94605648756427,True,129,1
4316907,306,0.3202614379084967,0.3598113118851471,RS,Sul,municipal,67.72,70.02,65.32,748.4165,282244,38732.52930088859,,0.6401886881148529,-31.73886881148529,True,-34.03886881148529,True,130,1
4311130,3,0.3333333333333333,0.3604284766933199,RS,Sul,municipal,,44.16,61.2,744.4656,3414,61990.333919156416,0.325,0.6395715233066801,,False,-8.117152330668006,True,131,1
1504703,138,0.2971014492753623,0.3607377112273789,PA,Norte,municipal,39.09,46.54,32.11,718.0022,90795,23748.807753730933,0.49,0.6392622887726211,-3.0162288772621153,True,-10.466228877262111,True,132,0
4310413,3,0.0,0.36078865229263585,RS,Sul,municipal,65.51,68.26,62.65,749.4663,2049,37284.529038555396,0.32,0.6392113477073642,-29.43113477073642,True,-32.18113477073642,True,133,1
4313375,60,0.5,0.364242147195549,RS,Sul,municipal,61.05,64.69,57.28,743.98,30121,107213.67152484978,0.288,0.635757852804451,-24.6257852804451,True,-28.2657852804451,True,134,1
2909703,25,0.32,0.36463034946113315,BA,Nordeste,municipal,50.23,55.94,44.52,733.6461,14514,15056.15268017087,0.446,0.6353696505388668,-13.766965053886679,True,-19.47696505388668,True,135,0
2401503,5,1.0,0.3654523938710843,RN,Nordeste,municipal,59.37,63.35,55.27,739.968,4103,15496.709724591763,0.465,0.6345476061289157,-22.824760612891566,True,-26.80476061289157,True,136,0
2700508,34,0.23529411764705882,0.3658346982441721,AL,Nordeste,municipal,37.63,45.27,30.57,715.0634,16735,21422.228861667165,0.548,0.634165301755828,-1.0465301755827952,True,-8.686530175582796,True,137,0
1304237,45,0.26666666666666666,0.36657131858155545,AM,Norte,municipal,51.45,56.94,45.93,729.6432,20224,10611.253955696202,,0.6334286814184446,-14.792868141844458,True,-20.282868141844453,True,138,0
4313490,3,0.6666666666666666,0.3671160530605501,RS,Sul,estadual,65.03,67.87,62.5,744.249,4371,27525.280256234273,0.291,0.6328839469394498,-28.318394693944988,True,-31.15839469394499,True,139,1
4207304,96,0.3333333333333333,0.36750310856595886,SC,Sul,estadual,,,50.41,735.4081,56107,57937.29837631668,,0.6324968914340412,,False,,False,140,1
2910107,17,0.35294117647058826,0.36827812311252756,BA,Nordeste,municipal,53.52,58.63,48.34,737.4465,12309,14399.463806970509,,0.6317218768874724,-16.692187688747246,True,-21.802187688747246,True,141,0
1301803,44,0.4772727272727273,0.36860278934919005,AM,Norte,municipal,,66.47,40.83,732.0514,25458,9735.407337575614,0.521,0.6313972106508099,,False,-29.609721065080997,True,142,0
2921906,17,0.4117647058823529,0.37040102679657866,BA,Nordeste,municipal,47.73,53.87,41.65,734.2322,12650,47398.498023715416,,0.6295989732034213,-10.689897320342133,True,-16.829897320342134,True,143,0
2906899,22,0.3181818181818182,0.37106081987290723,BA,Nordeste,municipal,52.02,57.41,46.59,732.8299,10260,12027.48538011696,,0.6289391801270927,-14.913918012709281,True,-20.303918012709275,True,144,0
4309258,2,0.5,0.37123626079069844,RS,Sul,municipal,,69.21,,,1442,74676.83772538141,,0.6287637392093015,,False,-32.08637392093015,True,145,1
1200336,35,0.4,0.3715504230382496,AC,Norte,municipal,,45.65,,,20329,16686.703723744406,,0.6284495769617504,,False,-8.494957696175042,True,146,0
4304002,8,0.75,0.37213440163876194,RS,Sul,municipal,65.72,68.43,62.91,742.7656,5068,56689.42383583268,,0.627865598361238,-28.506559836123806,True,-31.216559836123814,True,147,1
1700301,11,0.0,0.3721429143844972,TO,Norte,municipal,32.42,40.59,25.2,715.2166,4537,49865.109102931456,0.353,0.6278570856155028,4.794291438449719,False,-3.375708561550283,True,148,0
3304904,784,0.36989795918367346,0.3726233126547086,RJ,Sudeste,municipal,51.23,56.76,45.67,732.2444,960652,24008.37035679934,0.436,0.6273766873452914,-13.967668734529134,True,-19.497668734529135,True,149,0
2907509,38,0.42105263157894735,0.37289924167269267,BA,Nordeste,municipal,49.32,55.19,43.47,734.6776,50153,18516.160548720913,0.311,0.6271007583273074,-12.03007583273073,True,-17.900075832730728,True,150,0
1720655,10,0.4,0.372984593632789,TO,Norte,municipal,41.52,48.64,34.74,727.5899,5252,54220.67783701447,0.408,0.627015406367211,-4.221540636721102,True,-11.3415406367211,True,151,0
2409605,1,1.0,0.37326322028485226,RN,Nordeste,municipal,48.13,54.21,42.11,734.536,2499,26106.44257703081,,0.6267367797151477,-10.80367797151478,True,-16.88367797151478,True,152,0
1706506,17,0.47058823529411764,0.37383519985725877,TO,Norte,municipal,38.24,45.8,31.21,724.6836,6054,41715.06442021804,0.471,0.6261648001427412,-0.8564800142741262,True,-8.416480014274121,True,153,0
4310330,59,0.2711864406779661,0.3738698891112795,RS,Sul,municipal,,,66.08,749.9697,27931,27312.52013891375,0.186,0.6261301108887205,,False,,False,154,1
1505601,8,0.75,0.374753304408299,PA,Norte,municipal,58.11,62.33,53.76,738.2552,8651,11635.302277193388,0.587,0.625246695591701,-20.6346695591701,True,-24.854669559170098,True,155,0
2411403,9,0.4444444444444444,0.37522191349926426,RN,Nordeste,municipal,28.87,37.27,21.7,709.8514,12746,16247.293268476385,0.385,0.6247780865007357,8.652191349926422,False,0.2521913499264201,False,156,0
2901304,21,0.5714285714285714,0.37705995627977607,BA,Nordeste,municipal,50.48,56.14,44.8,736.8983,13531,13185.130441209076,0.527,0.6229400437202239,-12.77400437202239,True,-18.434004372022393,True,157,0
2700300,374,0.37967914438502676,0.37734628355757516,AL,Nordeste,municipal,45.77,52.24,39.44,723.2521,243661,28239.808586519797,0.297,0.6226537164424248,-8.035371644242488,True,-14.505371644242487,True,158,0
1506203,73,0.3835616438356164,0.3775768436562306,PA,Norte,municipal,49.14,55.04,43.26,730.7212,48168,16656.01644245142,,0.6224231563437694,-11.382315634376937,True,-17.282315634376936,True,159,0
4314506,12,0.3333333333333333,0.378442450852112,RS,Sul,municipal,69.19,71.2,67.1,742.7093,11409,31369.620475063548,0.228,0.621557549147888,-31.3457549147888,True,-33.355754914788804,True,160,1
2407807,29,0.41379310344827586,0.37869680226735747,RN,Nordeste,municipal,62.63,65.96,59.18,745.509,23843,14626.97647108166,0.349,0.6213031977326425,-24.760319773264257,True,-28.09031977326425,True,161,0
2410504,7,0.5714285714285714,0.37880213799179796,RN,Nordeste,municipal,59.65,63.57,55.6,747.0942,5647,10955.374535151408,0.359,0.621197862008202,-21.7697862008202,True,-25.6897862008202,True,162,0
2703908,7,0.7142857142857143,0.3795825394653054,AL,Nordeste,municipal,41.39,48.53,34.6,714.7543,4176,22204.98084291188,,0.6204174605346946,-3.4317460534694604,True,-10.571746053469461,True,163,0
4317509,94,0.30851063829787234,0.3801599148398726,RS,Sul,municipal,66.92,69.39,64.36,748.3724,79130,42712.22039681537,0.153,0.6198400851601273,-28.904008516012745,True,-31.374008516012744,True,164,1
4321709,37,0.43243243243243246,0.380213762184383,RS,Sul,municipal,59.55,63.49,55.48,743.5854,24420,42836.73218673219,0.158,0.6197862378156169,-21.5286237815617,True,-25.468623781561703,True,165,1
1712504,9,0.3333333333333333,0.3805115726600851,TO,Norte,municipal,31.37,39.62,24.15,715.5591,4772,78205.57418273261,0.282,0.6194884273399148,6.681157266008508,False,-1.568842733991488,True,166,0
2901403,23,0.21739130434782608,0.38149538227150936,BA,Nordeste,municipal,44.53,51.2,38.05,731.2744,14178,16172.80293412329,0.405,0.6185046177284906,-6.380461772849067,True,-13.050461772849069,True,167,0
4305975,4,0.0,0.38232784139371145,RS,Sul,municipal,66.14,68.76,63.41,750.0246,2719,128489.8859874954,0.189,0.6176721586062885,-27.907215860628853,True,-30.527215860628857,True,168,1
2511202,59,0.576271186440678,0.38236391681967974,PB,Nordeste,municipal,43.85,50.63,37.3,722.1227,31152,26867.263739085774,0.452,0.6176360831803203,-5.613608318032028,True,-12.39360831803203,True,169,0
4302659,8,0.625,0.3830579548147694,RS,Sul,municipal,67.29,69.68,64.81,749.4864,5079,26041.543610947036,0.146,0.6169420451852305,-28.984204518523065,True,-31.374204518523065,True,170,1
1503002,28,0.42857142857142855,0.38334138809636864,PA,Norte,municipal,55.82,60.49,51.05,730.7146,9125,11183.780821917808,,0.6166586119036314,-17.48586119036314,True,-22.15586119036314,True,171,0
4307831,2,0.0,0.3835454538093172,RS,Sul,municipal,,55.76,,,2685,83747.48603351956,,0.6164545461906827,,False,-17.40545461906828,True,172,1
4321501,82,0.3902439024390244,0.38387563289665827,RS,Sul,municipal,65.68,68.39,62.86,744.7822,43268,42422.3213460294,0.158,0.6161243671033417,-27.29243671033418,True,-30.002436710334173,True,173,1
4205209,12,0.3333333333333333,0.3838774654228276,SC,Sul,municipal,60.39,64.17,56.49,734.4596,5081,49828.577051761466,,0.6161225345771724,-22.002253457717245,True,-25.782253457717246,True,174,1
5007109,79,0.4050632911392405,0.3843053095361604,MS,Centro-Oeste,municipal,41.16,48.34,34.35,722.3262,23996,139743.54059009836,0.366,0.6156946904638396,-2.7294690463839615,True,-9.909469046383968,True,175,1
1503044,24,0.5416666666666666,0.38510701352269666,PA,Norte,municipal,53.03,58.23,47.77,730.7781,18565,35390.51979531376,0.576,0.6148929864773034,-14.519298647730338,True,-19.719298647730334,True,176,0
4206009,37,0.35135135135135137,0.3851222126456345,SC,Sul,municipal,,,55.24,742.5238,17920,36925.05580357143,0.236,0.6148777873543655,,False,,False,177,1
2412005,127,0.23622047244094488,0.38538161067411814,RN,Nordeste,estadual,56.91,61.37,33.22,720.1765,123207,21009.877685521114,0.412,0.6146183893258819,-18.371838932588183,True,-22.831838932588184,True,178,0
2701704,24,0.2916666666666667,0.3857931781947935,AL,Nordeste,municipal,47.36,53.57,41.23,722.851,15068,16634.78895672949,0.415,0.6142068218052066,-8.78068218052065,True,-14.99068218052065,True,179,0
4318465,3,0.6666666666666666,0.3876817327519619,RS,Sul,estadual,,,,,1934,28797.31127197518,,0.6123182672480381,,False,,False,180,1
1300201,33,0.7272727272727273,0.3879023140560087,AM,Norte,municipal,58.48,62.63,54.2,738.6448,15892,13010.88598036748,,0.6120976859439913,-19.689768594399126,True,-23.839768594399132,True,181,0
1200450,46,0.2608695652173913,0.3887710777869776,AC,Norte,municipal,,50.47,,,22352,49741.45490336435,0.423,0.6112289222130224,,False,-11.592892221302236,True,182,1
2204907,16,0.3125,0.38877163383161767,PI,Nordeste,municipal,35.03,42.95,27.85,711.5791,7886,11909.586609180828,0.525,0.6112283661683824,3.8471633831617638,False,-4.072836616838238,True,183,0
2909604,26,0.46153846153846156,0.388980364503107,BA,Nordeste,municipal,55.2,59.99,50.31,741.3349,20343,12885.021874846385,0.467,0.611019635496893,-16.301963549689297,True,-21.091963549689297,True,184,0
1501006,18,0.3333333333333333,0.38904649084741355,PA,Norte,municipal,61.01,64.66,57.23,744.0101,19223,11877.282422098528,0.741,0.6109535091525864,-22.10535091525864,True,-25.75535091525864,True,185,0
2927309,31,0.3548387096774194,0.389104596985497,BA,Nordeste,municipal,53.07,58.26,47.81,735.8171,15568,16063.784686536485,,0.6108954030145031,-14.1595403014503,True,-19.349540301450297,True,186,0
2403301,14,0.5714285714285714,0.38917041090470084,RN,Nordeste,municipal,52.83,58.07,47.53,739.6646,6252,12003.198976327576,0.262,0.6108295890952992,-13.912958909529912,True,-19.152958909529914,True,187,0
4311007,28,0.32142857142857145,0.3896676142653103,RS,Sul,estadual,53.41,58.54,83.9,761.7962,27406,37758.22812522805,0.232,0.6103323857346896,-14.443238573468967,True,-19.57323857346897,True,188,1
5001904,48,0.5833333333333334,0.3897674923453461,MS,Centro-Oeste,municipal,44.18,50.9,37.66,724.5926,24004,76733.75270788201,0.258,0.610232507654654,-5.203250765465391,True,-11.92325076546539,True,189,1
1506005,74,0.36486486486486486,0.3902766247321807,PA,Norte,municipal,61.1,64.73,57.34,744.084,38318,14324.495015397464,0.744,0.6097233752678193,-22.07233752678193,True,-25.702337526781932,True,190,0
2904803,8,0.625,0.3903068824742546,BA,Nordeste,municipal,53.62,58.71,48.46,735.3759,6224,15670.308483290488,,0.6096931175257454,-14.589311752574538,True,-19.67931175257454,True,191,0
1504802,119,0.3865546218487395,0.39037869742164666,PA,Norte,municipal,58.27,62.46,53.95,738.4221,63641,19285.036375921183,0.459,0.6096213025783533,-19.232130257835337,True,-23.422130257835335,True,192,0
2924652,11,0.45454545454545453,0.3904073746278567,BA,Nordeste,municipal,50.59,56.24,44.93,732.9143,10656,12419.763513513513,0.365,0.6095926253721433,-11.549262537214332,True,-17.19926253721433,True,193,0
4311155,5,0.2,0.3907801855984771,RS,Sul,estadual,,,59.16,745.199,7305,47350.30800821355,0.264,0.6092198144015228,,False,,False,194,1
1302504,217,0.33640552995391704,0.39342679149359805,AM,Norte,municipal,49.77,55.57,43.99,730.6258,110691,17322.212284648256,0.398,0.606573208506402,-10.4273208506402,True,-16.227320850640197,True,195,0
2705101,30,0.43333333333333335,0.396208171624399,AL,Nordeste,municipal,41.99,49.04,35.25,723.3518,24330,21166.913275791205,0.554,0.603791828375601,-2.3691828375601034,True,-9.4191828375601,True,196,0
1501576,31,0.45161290322580644,0.3964033955365457,PA,Norte,municipal,61.74,65.25,58.11,739.5691,18958,17774.765270598164,0.525,0.6035966044634543,-22.099660446345432,True,-25.60966044634543,True,197,0
2917102,12,0.3333333333333333,0.39657972189297236,BA,Nordeste,municipal,52.72,57.97,47.4,735.6661,16945,16589.67246975509,,0.6034202781070277,-13.062027810702766,True,-18.312027810702766,True,198,0
1300300,105,0.1619047619047619,0.3966838672242883,AM,Norte,municipal,,,44.6,730.1448,45328,12905.709495234734,,0.6033161327757117,,False,,False,199,0
2804102,10,0.5,0.3969193847376089,SE,Nordeste,municipal,49.05,54.97,43.16,730.9262,11288,24817.505315379163,,0.6030806152623911,-9.358061526239105,True,-15.278061526239107,True,200,0
2413102,9,0.4444444444444444,0.3970870316537721,RN,Nordeste,municipal,,,59.85,756.6516,6007,13309.472282337274,0.455,0.6029129683462279,,False,,False,201,0
1301902,186,0.44086021505376344,0.3990506966486933,AM,Norte,municipal,51.78,57.21,46.31,731.9141,112520,29523.07145396374,0.463,0.6009493033513067,-11.87493033513067,True,-17.30493033513067,True,202,0
2921005,98,0.5204081632653061,0.3996564535700471,BA,Nordeste,municipal,58.32,62.5,54.01,739.5018,44839,38690.80487968063,0.424,0.6003435464299529,-18.35435464299529,True,-22.53435464299529,True,203,0
1713700,2,1.0,0.40045582437064786,TO,Norte,municipal,36.45,44.22,29.33,720.0864,2500,34641.6,0.383,0.5995441756293521,3.5955824370647846,False,-4.174417562935211,True,204,0
1505635,27,0.5925925925925926,0.40047810183473914,PA,Norte,municipal,61.89,65.37,58.29,743.1202,13341,27111.161082377632,0.531,0.5995218981652608,-21.842189816526087,True,-25.32218981652609,True,205,0
4208302,193,0.30569948186528495,0.4009812543126426,SC,Sul,municipal,,,66.9,750.1835,83330,45598.583943357735,,0.5990187456873575,,False,,False,206,1
1504059,69,0.4057971014492754,0.4013682239179278,PA,Norte,municipal,51.07,56.63,45.48,733.5236,37048,13182.89786223278,,0.5986317760820722,-10.933177608207217,True,-16.49317760820722,True,207,0
4216602,421,0.41330166270783847,0.4015756527202785,SC,Sul,municipal,,,65.4,750.2722,289949,53718.66086794574,0.162,0.5984243472797215,,False,,False,208,1
2913408,10,0.9,0.40209964231824336,BA,Nordeste,municipal,60.96,64.62,57.17,745.4138,16047,14780.7066741447,0.323,0.5979003576817566,-20.750035768175664,True,-24.410035768175668,True,209,0
1502772,36,0.6944444444444444,0.40240618167098197,PA,Norte,municipal,55.58,60.3,50.76,737.8854,20859,35371.11079150486,0.543,0.597593818329018,-15.3393818329018,True,-20.0593818329018,True,210,0
2703700,13,0.23076923076923078,0.40257027823924874,AL,Nordeste,municipal,42.72,49.67,36.05,727.3613,5075,16074.285714285714,0.49,0.5974297217607513,-2.4629721760751266,True,-9.41297217607513,True,211,0
1600279,89,0.38202247191011235,0.40294366580025376,AP,Norte,municipal,45.64,52.13,39.29,729.7938,37969,35166.18820616819,0.442,0.5970563341997462,-5.345633419974625,True,-11.835633419974627,True,212,0
2405702,8,0.625,0.4030265191720639,RN,Nordeste,estadual,33.95,41.98,58.82,755.61,11952,20470.465194109773,0.22,0.5969734808279361,6.352651917206387,False,-1.677348082793607,True,213,1
1600600,277,0.5270758122743683,0.4034433292790008,AP,Norte,municipal,47.82,53.95,41.76,732.3746,118353,31479.455527109578,0.345,0.5965566707209993,-7.475667072099924,True,-13.605667072099926,True,214,0
1600550,6,0.0,0.4037106686388848,AP,Norte,municipal,43.05,49.94,36.41,725.4949,4042,24995.794161306283,0.571,0.5962893313611153,-2.6789331361115174,True,-9.568933136111518,True,215,0
5003488,29,0.3448275862068966,0.40444606889188917,MS,Centro-Oeste,municipal,44.63,51.28,38.16,723.4203,11470,39823.62685265911,0.38,0.5955539311081108,-4.185393110811084,True,-10.835393110811083,True,216,0
2516300,16,0.4375,0.4046111877154638,PB,Nordeste,municipal,40.1,47.42,33.2,724.0153,17763,14389.517536452177,0.351,0.5953888122845362,0.36111877154637995,False,-6.95888122845362,True,217,0
5006002,58,0.5517241379310345,0.4055231128027579,MS,Centro-Oeste,municipal,43.79,50.57,37.23,721.7813,23054,112458.35863624534,,0.5944768871972421,-3.2376887197242112,True,-10.017688719724212,True,218,1
4308433,2,0.5,0.4055410411421317,RS,Sul,municipal,63.97,67.03,60.8,751.8295,2441,26428.9225727161,0.179,0.5944589588578684,-23.41589588578683,True,-26.475895885786834,True,219,1
1709807,1,0.0,0.40704876706031856,TO,Norte,municipal,34.46,42.44,27.27,727.2494,1627,44183.77381684081,0.344,0.5929512329396814,6.244876706031853,False,-1.7351232939681438,True,220,0
4208807,64,0.390625,0.4076897172193866,SC,Sul,municipal,48.39,54.42,42.4,727.5366,21284,41692.632963728625,0.179,0.5923102827806134,-7.621028278061338,True,-13.65102827806134,True,221,1
2903508,19,0.2631578947368421,0.40832036377126946,BA,Nordeste,municipal,52.89,58.11,47.6,735.1854,19042,11427.161012498687,0.372,0.5916796362287305,-12.057963622873054,True,-17.277963622873052,True,222,0
5001508,14,0.5,0.4091266531690777,MS,Centro-Oeste,municipal,33.17,41.27,25.95,706.3941,8276,120993.9584340261,,0.5908733468309223,7.742665316907768,False,-0.35733468309223326,True,223,1
1506195,48,0.5,0.40992224061152766,PA,Norte,municipal,61.62,65.15,57.97,741.2566,37360,16208.618843683083,0.489,0.5900777593884723,-20.62777593884723,True,-24.157775938847237,True,224,0
4304853,1,1.0,0.4100945352958762,RS,Sul,municipal,58.77,62.87,54.55,752.5286,1387,44529.92069214131,,0.5899054647041237,-17.760546470412386,True,-21.86054647041238,True,225,1
1716208,18,0.7777777777777778,0.41027942308846577,TO,Norte,municipal,48.28,54.33,42.28,736.2797,10854,32541.551501750506,,0.5897205769115342,-7.252057691153425,True,-13.302057691153422,True,226,0
4304705,106,0.41509433962264153,0.4103774765979384,RS,Sul,estadual,66.52,69.06,74.59,755.2537,63638,58847.96819510355,0.184,0.5896225234020616,-25.48225234020616,True,-28.022252340206165,True,227,1
1502939,88,0.6363636363636364,0.41218619357134245,PA,Norte,municipal,62.75,66.05,59.32,743.885,62322,21379.88190366163,0.492,0.5878138064286575,-21.531380642865756,True,-24.831380642865753,True,228,0
1505437,59,0.4576271186440678,0.41224327976152597,PA,Norte,municipal,53.81,58.86,48.68,731.5181,34905,30167.998854032372,0.387,0.587756720238474,-12.585672023847408,True,-17.635672023847405,True,229,0
3552809,378,0.4312169312169312,0.4145826364575353,SP,Sudeste,municipal,51.16,56.7,45.59,731.3697,284274,42508.91393514707,0.368,0.5854173635424647,-9.70173635424647,True,-15.241736354246477,True,230,0
2413003,10,0.6,0.41467613753673394,RN,Nordeste,municipal,65.76,68.46,62.96,744.3954,6514,15421.8606079214,,0.5853238624632661,-24.292386246326615,True,-26.992386246326603,True,231,0
1301209,147,0.3673469387755102,0.4155505634568009,AM,Norte,municipal,45.17,51.74,38.77,726.3052,73820,52745.583852614465,,0.5844494365431991,-3.6149436543199087,True,-10.184943654319909,True,232,1
1304401,44,0.4090909090909091,0.41708798618323706,AM,Norte,municipal,,52.79,48.58,741.908,25592,11611.949046577056,0.511,0.5829120138167629,,False,-11.081201381676294,True,233,0
2502201,1,0.0,0.41750116333572196,PB,Nordeste,municipal,32.78,40.92,25.56,721.9058,2333,17278.18259751393,,0.582498836664278,8.970116333572193,False,0.8301163335721924,False,234,0
4312609,6,0.3333333333333333,0.4177472852973376,RS,Sul,municipal,55.68,60.38,50.88,741.9059,4694,58236.68512995313,0.148,0.5822527147026624,-13.905271470266236,True,-18.60527147026624,True,235,1
1717008,9,0.8888888888888888,0.4179917320106384,TO,Norte,municipal,52.73,57.98,47.41,737.8718,4596,24104.221061792865,,0.5820082679893617,-10.93082679893616,True,-16.18082679893616,True,236,0
2918803,8,0.625,0.41827048220753243,BA,Nordeste,municipal,52.04,57.42,46.61,738.9532,21704,15874.539255436786,0.333,0.5817295177924675,-10.212951779246758,True,-15.59295177924676,True,237,0
3530607,653,0.42572741194486985,0.41891267662579745,SP,Sudeste,municipal,52.01,57.39,46.57,732.1471,468120,55696.23600786123,,0.5810873233742025,-10.118732337420255,True,-15.498732337420257,True,238,1
1702158,11,0.36363636363636365,0.4197495014361005,TO,Norte,municipal,44.23,50.95,37.72,726.0598,4338,24806.131857999077,,0.5802504985638994,-2.2550498563899453,True,-8.975049856389951,True,239,0
1508407,100,0.42,0.42077918136161385,PA,Norte,municipal,54.82,59.68,49.86,736.1326,56999,40730.27596975386,0.307,0.5792208186383861,-12.742081863838614,True,-17.602081863838613,True,240,1
1719004,7,0.14285714285714285,0.4213192224073278,TO,Norte,municipal,53.31,58.46,48.09,733.0456,2889,19815.16095534787,,0.5786807775926722,-11.178077759267225,True,-16.328077759267224,True,241,0
1720101,13,0.23076923076923078,0.4222902981338522,TO,Norte,municipal,49.76,55.55,43.97,731.7361,5936,15327.156334231806,,0.5777097018661478,-7.530970186614773,True,-13.320970186614773,True,242,0
2917201,31,0.4838709677419355,0.42267541652864926,BA,Nordeste,municipal,61.25,64.85,57.52,744.4461,18493,18492.99735034878,0.434,0.5773245834713507,-18.982458347135072,True,-22.582458347135066,True,243,0
1720903,23,0.34782608695652173,0.4242492935908288,TO,Norte,municipal,44.76,51.39,38.31,728.6196,14247,27152.804099108584,0.345,0.5757507064091711,-2.3350706409171167,True,-8.96507064091712,True,244,0
4202099,4,1.0,0.4242899980948728,SC,Sul,municipal,54.93,59.77,50.0,728.2543,1662,39835.138387484956,0.246,0.5757100019051272,-12.50100019051272,True,-17.341000190512723,True,245,1
4312617,3,0.3333333333333333,0.4243643863441715,RS,Sul,municipal,70.55,72.3,68.75,740.5751,2938,323452.0081688223,,0.5756356136558285,-28.113561365582846,True,-29.863561365582846,True,246,1
2205557,12,0.3333333333333333,0.42552818493535716,PI,Nordeste,municipal,28.81,37.22,21.65,704.2064,8449,11369.984613563734,,0.5744718150646428,13.742818493535719,False,5.332818493535719,False,247,0
2805000,3,0.3333333333333333,0.425609416457758,SE,Nordeste,municipal,52.91,58.13,47.62,733.2586,2818,26441.447835344217,,0.574390583542242,-10.349058354224198,True,-15.569058354224204,True,248,0
4312708,21,0.23809523809523808,0.4261405664961163,RS,Sul,estadual,48.14,54.22,65.58,751.6576,14056,38373.22140011383,0.395,0.5738594335038837,-5.525943350388367,True,-11.605943350388365,True,249,1
2105500,50,0.46,0.42622624962772465,MA,Nordeste,municipal,41.8,48.88,35.04,721.3748,25287,14343.022106220587,0.429,0.5737737503722753,0.8226249627724656,False,-6.25737503722754,True,250,0
2507606,8,0.25,0.42628085347098593,PB,Nordeste,municipal,36.0,43.82,28.86,719.7833,8057,11570.435646022093,,0.5737191465290141,6.62808534709859,False,-1.19191465290141,True,251,0
3554102,345,0.4463768115942029,0.42741654192051853,SP,Sudeste,municipal,50.1,55.84,44.37,730.5738,321298,70363.96118245367,0.236,0.5725834580794815,-7.358345807948147,True,-13.09834580794815,True,252,1
1506559,35,0.3142857142857143,0.42767698137760995,PA,Norte,municipal,60.36,64.14,56.45,742.3848,21217,12177.027855021917,0.402,0.57232301862239,-17.592301862239005,True,-21.372301862239006,True,253,0
2701357,11,0.6363636363636364,0.42769297051918004,AL,Nordeste,municipal,47.36,53.57,41.23,736.7166,6807,16131.188482444542,,0.5723070294808199,-4.590702948081997,True,-10.800702948081998,True,254,0
1302207,24,0.4583333333333333,0.42876640854198006,AM,Norte,municipal,46.8,53.1,40.6,722.0517,11152,13266.67862266858,,0.57123359145802,-3.9233591458019887,True,-10.223359145801993,True,255,0
1506708,83,0.4578313253012048,0.4303140292940649,PA,Norte,municipal,58.75,62.85,54.53,741.9987,31683,62438.973582047154,,0.5696859707059351,-15.71859707059351,True,-19.818597070593512,True,256,1
4302238,3,0.3333333333333333,0.4313958906097544,RS,Sul,municipal,72.67,74.0,71.3,752.5544,2315,85096.3282937365,,0.5686041093902456,-29.530410939024563,True,-30.86041093902456,True,257,1
4314308,7,0.7142857142857143,0.4321551302351249,RS,Sul,municipal,64.52,67.47,61.46,756.8552,3819,76743.65017020162,,0.567844869764875,-21.304486976487503,True,-24.254486976487506,True,258,1
4215000,89,0.47191011235955055,0.4331892510990315,SC,Sul,municipal,63.42,66.59,60.13,749.1973,40168,43115.61441943836,0.248,0.5668107489009685,-20.101074890096854,True,-23.271074890096855,True,259,1
1506187,69,0.5797101449275363,0.4332740742504071,PA,Norte,municipal,63.45,66.61,60.17,741.1775,56593,19140.865478062657,,0.5667259257495929,-20.12259257495929,True,-23.28259257495929,True,260,0
4300661,2,0.0,0.43381926936470405,RS,Sul,municipal,70.55,72.3,68.75,749.1096,1157,96813.3102852204,,0.566180730635296,-27.16807306352959,True,-28.91807306352959,True,261,1
4302303,28,0.2857142857142857,0.4339810131675796,RS,Sul,municipal,73.75,74.87,72.59,751.5541,11431,51911.731257107866,0.312,0.5660189868324204,-30.35189868324204,True,-31.471898683242046,True,262,1
4314498,5,0.8,0.43504206928847233,RS,Sul,estadual,80.0,80.0,33.33,722.5269,4637,30313.996118179857,,0.5649579307115277,-36.49579307115277,True,-36.49579307115277,True,263,0
4311809,73,0.5205479452054794,0.43510199784857334,RS,Sul,municipal,68.78,70.88,66.61,747.8479,46656,80124.63563100137,,0.5648980021514267,-25.269800215142666,True,-27.36980021514266,True,264,1
3302007,244,0.38114754098360654,0.4368264907431099,RJ,Sudeste,municipal,48.08,54.17,42.05,727.9405,123980,91820.95499274076,0.191,0.5631735092568901,-4.397350925689004,True,-10.487350925689007,True,265,1
5005103,8,0.75,0.4374793651332429,MS,Centro-Oeste,estadual,68.83,70.92,42.86,726.9743,3620,201651.38121546962,0.303,0.5625206348667571,-25.082063486675708,True,-27.17206348667571,True,266,1
1508084,82,0.3780487804878049,0.4386932864359519,PA,Norte,municipal,62.31,65.7,58.8,743.2494,42480,31730.673258003768,0.448,0.5613067135640482,-18.440671356404813,True,-21.830671356404814,True,267,0
2103000,254,0.4566929133858268,0.4404347559667256,MA,Nordeste,municipal,49.57,55.39,43.75,733.713,163428,16496.68967374012,0.396,0.5595652440332743,-5.526524403327443,True,-11.346524403327443,True,268,0
4210704,6,0.3333333333333333,0.44138756865525314,SC,Sul,municipal,,45.04,70.5,751.2819,2795,27822.540250447226,,0.5586124313447469,,False,-0.901243134474683,True,269,1
3524402,311,0.4565916398713826,0.4421951720887348,SP,Sudeste,municipal,51.14,56.68,45.56,732.2784,249968,78782.0681047174,0.142,0.5578048279112652,-6.920482791126517,True,-12.460482791126516,True,270,1
4321006,15,0.7333333333333333,0.4422476671986048,RS,Sul,estadual,64.43,67.4,90.58,777.2968,10822,53977.91535760488,0.168,0.5577523328013951,-20.205233280139524,True,-23.175233280139523,True,271,1
4318804,62,0.43548387096774194,0.44335224275906077,RS,Sul,municipal,79.22,79.35,79.09,755.7248,43283,39729.13152969988,0.2,0.5566477572409392,-34.88477572409392,True,-35.014775724093916,True,272,1
1721000,587,0.4599659284497445,0.4435392435114024,TO,Norte,municipal,62.2,65.61,58.66,749.4049,323625,43780.51448435689,,0.5564607564885976,-17.846075648859767,True,-21.256075648859763,True,273,1
2505238,11,0.36363636363636365,0.44386189763121936,PB,Nordeste,municipal,16.05,24.09,10.33,702.699,6431,13233.556212097652,,0.5561381023687806,28.336189763121933,False,20.296189763121934,False,274,0
4205803,40,0.525,0.4439694104678743,SC,Sul,municipal,58.9,62.97,54.71,742.4538,19554,101362.32995806485,,0.5560305895321257,-14.503058953212566,True,-18.573058953212566,True,275,1
4210209,3,1.0,0.44403780344092203,SC,Sul,municipal,56.12,60.73,51.4,739.7615,3258,26542.050337630448,0.147,0.555962196559078,-11.716219655907793,True,-16.326219655907792,True,276,1
1708304,4,0.25,0.4443294810957593,TO,Norte,municipal,57.94,62.2,53.56,739.1196,4840,36828.925619834714,0.412,0.5556705189042407,-13.507051890424066,True,-17.76705189042407,True,277,0
4203709,15,0.5333333333333333,0.4458063309099501,SC,Sul,municipal,62.71,66.02,59.28,745.937,13413,30769.2537090882,,0.55419366909005,-18.129366909004993,True,-21.43936690900499,True,278,1
4301800,7,0.42857142857142855,0.44582544875981095,RS,Sul,municipal,74.37,75.38,73.34,747.9982,4920,60978.65853658537,0.219,0.554174551240189,-29.787455124018912,True,-30.797455124018903,True,279,1
4205308,15,0.6,0.4462846766306297,SC,Sul,municipal,57.2,61.6,52.68,739.6066,11486,73601.51488768937,0.259,0.5537153233693703,-12.571532336937032,True,-16.97153233693703,True,280,1
4322707,33,0.3939393939393939,0.44658421239301166,RS,Sul,estadual,68.66,70.78,87.57,773.0967,27638,40767.63875823142,0.152,0.5534157876069883,-24.001578760698834,True,-26.12157876069884,True,281,1
4215703,46,0.32608695652173914,0.4487618775320552,SC,Sul,municipal,61.81,65.3,58.19,745.5532,29392,59537.152966793685,0.242,0.5512381224679448,-16.93381224679448,True,-20.423812246794476,True,282,1
4307302,3,0.6666666666666666,0.44969652577096325,RS,Sul,municipal,69.44,71.41,67.41,748.7363,6902,43438.27875977977,,0.5503034742290367,-24.47034742290367,True,-26.44034742290367,True,283,1
2700102,15,0.4666666666666667,0.4500319588408936,AL,Nordeste,municipal,52.49,57.79,47.14,731.1263,19550,12585.780051150896,,0.5499680411591064,-7.486804115910644,True,-12.786804115910641,True,284,0
2904209,7,0.42857142857142855,0.450378349403905,BA,Nordeste,municipal,65.03,67.88,62.08,743.9033,11411,11587.50328630269,,0.549621650596095,-19.992165059609505,True,-22.8421650596095,True,285,0
4313060,46,0.32608695652173914,0.45113544435014846,RS,Sul,estadual,73.32,74.53,85.71,762.3251,20539,51334.63167632309,,0.5488645556498515,-28.20645556498515,True,-29.416455564985156,True,286,1
4219176,11,0.7272727272727273,0.45144160497018504,SC,Sul,estadual,66.82,69.31,63.64,743.1651,4615,143356.6630552546,0.24,0.548558395029815,-21.67583950298149,True,-24.1658395029815,True,287,1
1705508,79,0.45569620253164556,0.45187616511360507,TO,Norte,municipal,55.79,60.47,51.01,737.8341,35957,32296.93800928887,0.226,0.5481238348863949,-10.60238348863949,True,-15.28238348863949,True,288,1
1703701,9,0.3333333333333333,0.4521344484287348,TO,Norte,municipal,44.57,51.24,38.1,732.5373,4796,55793.1609674729,0.38,0.5478655515712652,0.6434448428734783,False,-6.0265551571265235,True,289,0
2108504,58,0.4482758620689655,0.4528629625884896,MA,Nordeste,municipal,47.1,53.35,40.94,731.1578,32521,10964.730481842502,,0.5471370374115103,-1.8137037411510377,True,-8.063703741151038,True,290,0
5006408,22,0.6363636363636364,0.45513981275214893,MS,Centro-Oeste,municipal,40.53,47.79,33.66,720.8064,6974,66093.20332664181,,0.5448601872478511,4.983981275214894,False,-2.2760187247851036,True,291,1
5106778,25,0.32,0.4557005138210396,MT,Centro-Oeste,municipal,38.13,45.7,31.09,724.25,12524,44580.804854679016,,0.5442994861789604,7.4400513821039596,False,-0.12994861789604073,True,292,0
5106422,70,0.42857142857142855,0.456445247555319,MT,Centro-Oeste,municipal,42.73,49.67,36.06,728.81,33599,34119.73570641984,,0.543554752444681,2.9145247555319074,False,-4.0254752444680975,True,293,0
2203354,3,0.0,0.45654566490760223,PI,Nordeste,municipal,40.14,47.45,33.24,714.3862,7238,12380.630008289583,0.452,0.5434543350923977,5.514566490760224,False,-1.7954335092397784,True,294,0
5002001,30,0.7,0.4568766124075099,MS,Centro-Oeste,municipal,51.26,56.78,45.7,735.6087,10953,71654.2499771752,,0.5431233875924901,-5.572338759249014,True,-11.092338759249017,True,295,1
4316436,5,0.8,0.4574030269815442,RS,Sul,municipal,48.79,54.75,42.86,760.7917,2621,64894.69668065624,0.17,0.5425969730184558,-3.049697301845576,True,-9.009697301845577,True,296,1
2613701,142,0.45774647887323944,0.45744717984665517,PE,Nordeste,municipal,49.84,55.62,44.07,734.5089,117759,15209.529632554624,0.454,0.5425528201533448,-4.095282015334483,True,-9.875282015334477,True,297,0
1721109,8,0.75,0.45774627189768485,TO,Norte,municipal,48.88,54.82,42.96,738.5226,7751,42260.35350277383,,0.5422537281023152,-3.105372810231515,True,-9.045372810231513,True,298,1
4201257,14,0.5714285714285714,0.45795390920708046,SC,Sul,municipal,66.35,68.93,63.67,746.2521,10020,50959.08183632734,0.169,0.5420460907929195,-20.55460907929195,True,-23.134609079291963,True,299,1
2512036,7,0.42857142857142855,0.45799125831171345,PB,Nordeste,municipal,30.45,38.76,23.24,697.6865,3932,14423.448626653102,,0.5420087416882866,15.349125831171346,False,7.039125831171347,False,300,0
4302105,163,0.4294478527607362,0.45816248281397187,RS,Sul,municipal,77.77,78.15,77.38,762.342,127775,70926.22187438858,0.232,0.5418375171860281,-31.95375171860281,True,-32.33375171860282,True,301,1
4311791,3,0.6666666666666666,0.45852182653316254,RS,Sul,municipal,69.78,71.68,67.82,763.4136,2521,41311.78103927013,,0.5414781734668375,-23.927817346683746,True,-25.82781734668375,True,302,1
5002951,60,0.6333333333333333,0.4588683069682025,MS,Centro-Oeste,municipal,49.18,55.08,43.31,732.2222,33791,98532.9525613329,0.251,0.5411316930317975,-3.293169303179745,True,-9.193169303179744,True,303,1
2702355,22,0.5909090909090909,0.45930474827391043,AL,Nordeste,municipal,51.26,56.78,45.7,738.5745,26115,17238.63679877465,0.535,0.5406952517260896,-5.329525172608953,True,-10.849525172608956,True,304,0
3301850,90,0.3333333333333333,0.45934516625290744,RJ,Sudeste,municipal,55.1,59.91,50.19,735.3628,54300,29281.45488029466,0.29,0.5406548337470926,-9.165483374709254,True,-13.975483374709249,True,305,1
2102200,41,0.21951219512195122,0.4593621590470546,MA,Nordeste,municipal,50.62,56.26,44.96,735.9074,30799,10796.77911620507,,0.5406378409529454,-4.683784095294541,True,-10.323784095294542,True,306,0
3513801,602,0.5282392026578073,0.4594361984079756,SP,Sudeste,municipal,47.05,53.31,40.88,726.2931,404118,52531.89662425331,0.334,0.5405638015920244,-1.1063801592024376,True,-7.366380159202443,True,307,1
4217402,52,0.6153846153846154,0.460840645419732,SC,Sul,municipal,65.84,68.52,63.05,748.5892,21273,42616.97926949654,0.12,0.539159354580268,-19.755935458026798,True,-22.43593545802679,True,308,1
1600253,23,0.21739130434782608,0.4611473757722959,AP,Norte,municipal,55.34,60.1,50.48,742.7079,6043,21963.097799106403,,0.5388526242277041,-9.225262422770413,True,-13.985262422770411,True,309,0
1713304,22,0.5454545454545454,0.4614818093875547,TO,Norte,municipal,57.09,61.51,52.55,744.4268,13056,37024.66299019608,0.252,0.5385181906124453,-10.941819061244537,True,-15.361819061244532,True,310,1
3302601,93,0.3225806451612903,0.46222468222143004,RJ,Sudeste,municipal,52.84,58.07,47.54,732.5345,43624,78939.5745461214,0.19,0.53777531777857,-6.617531777856996,True,-11.847531777856993,True,311,1
2103604,83,0.5301204819277109,0.46320314524473327,MA,Nordeste,municipal,47.59,53.76,41.49,731.2018,61351,10390.767876644228,0.542,0.5367968547552667,-1.2696854755266784,True,-7.439685475526673,True,312,0
4314175,5,0.4,0.46392944165334205,RS,Sul,municipal,67.21,69.62,64.71,752.6255,2100,82310.47619047618,0.409,0.536070558346658,-20.817055834665787,True,-23.227055834665798,True,313,1
3522307,229,0.5065502183406113,0.4641203713761349,SP,Sudeste,municipal,48.17,54.24,42.15,729.1684,163774,48620.67239000086,0.193,0.5358796286238652,-1.7579628623865133,True,-7.827962862386514,True,314,1
4309753,6,0.3333333333333333,0.464250008353414,RS,Sul,municipal,72.44,73.81,71.02,758.1227,3793,27806.221987872395,0.247,0.535749991646586,-26.014999164658597,True,-27.384999164658602,True,315,1
4301958,6,0.3333333333333333,0.46543549072311424,RS,Sul,municipal,70.55,72.3,68.75,745.7095,2555,65511.545988258316,,0.5345645092768858,-24.006450927688576,True,-25.756450927688576,True,316,1
2104081,12,0.75,0.46550710132427237,MA,Nordeste,municipal,36.99,44.7,29.89,731.3713,11184,14284.78183118741,,0.5344928986757276,9.560710132427232,False,1.8507101324272313,False,317,0
2112407,47,0.5319148936170213,0.46600063020880833,MA,Nordeste,municipal,46.7,53.01,40.48,728.4776,38905,10666.366790900913,0.713,0.5339993697911917,-0.0999369791191711,True,-6.409936979119166,True,318,0
5007703,29,0.7241379310344828,0.4662103945850439,MS,Centro-Oeste,municipal,58.52,62.66,54.25,736.1887,11301,43708.43288204584,0.365,0.5337896054149561,-11.898960541495619,True,-16.038960541495612,True,319,1
4318606,9,0.1111111111111111,0.4666369734885284,RS,Sul,municipal,65.42,68.18,62.54,759.3784,6978,61083.118372026365,,0.5333630265114716,-18.75630265114716,True,-21.516302651147164,True,320,1
1301001,50,0.38,0.46672271542206034,AM,Norte,estadual,52.7,57.96,74.34,755.2263,30892,14026.997280849411,,0.5332772845779397,-6.02772845779397,True,-11.287728457793968,True,321,1
2502102,8,0.5,0.46721103361799665,PB,Nordeste,municipal,35.73,43.58,28.58,722.6139,5277,12052.491946181543,0.275,0.5327889663820033,10.991103361799667,False,3.141103361799665,False,322,0
3534302,38,0.4473684210526316,0.4689784156531208,SP,Sudeste,municipal,50.6,56.24,44.94,732.8171,39193,82862.9602224887,0.208,0.5310215843468792,-3.7021584346879166,True,-9.342158434687917,True,323,1
2601052,29,0.6206896551724138,0.470425559999871,PE,Nordeste,municipal,51.26,56.79,45.71,734.365,19936,10188.252407704655,0.556,0.529574440000129,-4.217444000012897,True,-9.747444000012898,True,324,0
4306973,2,0.5,0.4719474543413539,RS,Sul,estadual,74.36,75.37,70.59,755.3193,3121,48717.07785966036,0.176,0.5280525456586461,-27.165254565864615,True,-28.17525456586462,True,325,1
1720937,3,1.0,0.47353825132620386,TO,Norte,municipal,59.86,63.74,55.85,754.4538,2086,19955.41706615532,0.529,0.5264617486737961,-12.506174867379613,True,-16.386174867379616,True,326,0
3552502,541,0.4491682070240296,0.4738070948369807,SP,Sudeste,municipal,48.1,54.18,42.07,727.7286,318765,58408.85291672549,0.221,0.5261929051630193,-0.7192905163019319,True,-6.79929051630193,True,327,1
4203600,69,0.5507246376811594,0.47403350428699825,SC,Sul,municipal,66.86,69.34,64.29,754.1445,38656,89426.06581125828,0.273,0.5259664957130017,-19.456649571300176,True,-21.93664957130018,True,328,1
2512721,9,0.2222222222222222,0.474137288860286,PB,Nordeste,municipal,52.73,57.98,47.41,730.2051,5925,11901.434599156119,0.568,0.5258627111397141,-5.316271113971396,True,-10.566271113971396,True,329,0
4218707,179,0.4245810055865922,0.47515759391944806,SC,Sul,municipal,71.86,73.35,70.32,753.6874,115495,52011.84466860037,0.156,0.5248424060805519,-24.344240608055195,True,-25.83424060805519,True,330,1
2515807,2,0.5,0.475983777065506,PB,Nordeste,municipal,21.09,29.56,14.55,700.3749,6984,10698.024054982818,,0.524016222934494,26.5083777065506,False,18.0383777065506,False,331,0
3534708,147,0.5374149659863946,0.47692903844190326,SP,Sudeste,municipal,55.25,60.03,50.37,739.5165,106877,45872.9380502821,0.24,0.5230709615580967,-7.557096155809674,True,-12.337096155809675,True,332,1
3513504,183,0.3989071038251366,0.4771981331057482,SP,Sudeste,municipal,53.65,58.73,48.49,736.3142,115082,241683.2171842686,0.285,0.5228018668942518,-5.930186689425177,True,-11.010186689425176,True,333,1
4213203,53,0.5094339622641509,0.4784289321510296,SC,Sul,municipal,65.94,68.6,63.17,749.5472,36392,87510.22202681909,0.111,0.5215710678489704,-18.097106784897036,True,-20.757106784897033,True,334,1
5004908,10,0.2,0.4786884373446898,MS,Centro-Oeste,municipal,44.9,51.51,38.46,729.403,7425,96660.06734006734,0.265,0.5213115626553102,2.968843734468983,False,-3.6411562655310163,True,335,1
3543907,264,0.5113636363636364,0.47885777106935845,SP,Sudeste,municipal,55.16,59.96,50.27,737.4403,208857,73864.4958033487,0.131,0.5211422289306415,-7.274222893064149,True,-12.074222893064153,True,336,1
3554508,49,0.6122448979591837,0.48027460872684513,SP,Sudeste,municipal,53.53,58.64,48.35,735.2006,38690,76374.98061514604,,0.5197253912731549,-5.502539127315487,True,-10.612539127315486,True,337,1
3300704,380,0.4263157894736842,0.4805579161141765,RJ,Sudeste,municipal,58.8,62.89,54.58,742.9705,238166,71229.61295902857,0.181,0.5194420838858236,-10.74420838858235,True,-14.834208388582354,True,338,1
2411502,24,0.125,0.48093797904909436,RN,Nordeste,estadual,68.69,70.8,67.52,759.5584,22779,14904.736818999956,0.443,0.5190620209509056,-20.59620209509056,True,-22.70620209509056,True,339,0
4305116,2,0.5,0.4811664479395315,RS,Sul,municipal,,75.89,91.67,782.0486,2779,44385.390428211584,0.213,0.5188335520604686,,False,-27.77335520604685,True,340,2
1706001,15,0.4666666666666667,0.4812665539092923,TO,Norte,municipal,53.39,58.52,48.18,739.7477,5515,45233.36355394379,,0.5187334460907077,-5.263344609070771,True,-10.393344609070773,True,341,1
2508604,29,0.4482758620689655,0.4821017074259556,PB,Nordeste,municipal,52.54,57.83,47.19,734.1877,13019,21502.72678393118,0.503,0.5178982925740444,-4.329829257404441,True,-9.61982925740444,True,342,0
5007406,44,0.3409090909090909,0.4823451752302882,MS,Centro-Oeste,municipal,52.63,57.9,47.3,739.453,20393,45437.012700436426,0.284,0.5176548247697118,-4.395482476971182,True,-9.665482476971178,True,343,1
2200103,8,0.625,0.4823827290480026,PI,Nordeste,municipal,39.55,46.94,32.61,726.352,5023,11414.493330678877,0.546,0.5176172709519974,8.688272904800264,False,1.298272904800264,False,344,0
2110401,24,0.375,0.48367524395127165,MA,Nordeste,municipal,52.21,57.56,46.81,726.0404,18793,9922.524344170703,,0.5163247560487283,-3.8424756048728383,True,-9.19247560487284,True,345,0
4111803,48,0.4375,0.4839496233761073,PR,Sul,municipal,59.25,63.25,55.12,741.6287,41400,47270.362318840576,,0.5160503766238926,-10.855037662389272,True,-14.855037662389272,True,346,1
3535804,36,0.3055555555555556,0.4840619458728588,SP,Sudeste,municipal,54.37,59.31,49.33,738.2096,19799,61747.9165614425,0.25,0.5159380541271412,-5.963805412714116,True,-10.90380541271412,True,347,1
3513603,29,0.6551724137931034,0.4849064919383938,SP,Sudeste,municipal,54.88,59.73,49.94,741.7864,22456,19279.52440327752,,0.5150935080616061,-6.389350806160621,True,-11.239350806160616,True,348,0
4121000,31,0.45161290322580644,0.48494462060054316,PR,Sul,municipal,50.89,56.48,45.28,737.3223,10693,32006.359300476946,,0.5150553793994568,-2.395537939945683,True,-7.985537939945679,True,349,0
2500601,34,0.35294117647058826,0.4852040826086192,PB,Nordeste,municipal,61.09,64.73,57.33,743.5606,22797,138099.39904373384,0.393,0.5147959173913808,-12.569591739138083,True,-16.209591739138084,True,350,1
4209607,31,0.3548387096774194,0.48521890174852245,SC,Sul,municipal,66.04,68.69,63.3,747.6467,14622,32945.5614826973,0.157,0.5147810982514776,-17.51810982514776,True,-20.168109825147752,True,351,1
5007935,32,0.78125,0.48554120392978806,MS,Centro-Oeste,municipal,52.8,58.04,47.5,734.3211,14822,100465.05194980434,0.275,0.5144587960702119,-4.245879607021195,True,-9.485879607021197,True,352,1
1705557,11,0.6363636363636364,0.48561495970352164,TO,Norte,municipal,65.04,67.88,62.09,759.7223,4896,19403.799019607843,,0.5143850402964784,-16.478504029647844,True,-19.318504029647833,True,353,1
5004106,25,0.44,0.48583431332141613,MS,Centro-Oeste,municipal,52.3,57.63,46.91,738.6447,10135,47123.828317710904,0.275,0.5141656866785839,-3.7165686678583825,True,-9.046568667858388,True,354,1
2102150,18,0.4444444444444444,0.4861484457012982,MA,Nordeste,municipal,40.15,47.46,33.25,726.4564,9387,9597.208905933738,,0.5138515542987018,8.464844570129827,False,1.1548445701298249,False,355,0
4320107,38,0.47368421052631576,0.4864391788599677,RS,Sul,municipal,72.81,74.12,71.47,755.8525,23356,61126.0917965405,0.179,0.5135608211400323,-24.16608211400323,True,-25.476082114003233,True,356,1
3300258,65,0.4,0.4866372465262163,RJ,Sudeste,municipal,55.35,60.11,50.49,737.2671,32794,284667.1342318717,0.244,0.5133627534737837,-6.68627534737837,True,-11.446275347378368,True,357,1
2208007,80,0.45,0.4866611081652522,PI,Nordeste,municipal,57.43,61.79,52.95,740.4464,86228,28490.536716611772,0.3,0.5133388918347478,-8.763889183474781,True,-13.12388918347478,True,358,1
4211892,7,0.42857142857142855,0.4867885091881158,SC,Sul,estadual,,,55.21,747.0766,2228,49823.15978456014,0.323,0.5132114908118842,,False,,False,359,1
3538006,231,0.5064935064935064,0.4868454289181918,SP,Sudeste,municipal,58.74,62.84,54.51,742.9881,172027,79491.47517540852,0.247,0.5131545710818082,-10.055457108180818,True,-14.15545710818082,True,360,1
3302056,22,0.6363636363636364,0.48756865347295597,RJ,Sudeste,municipal,58.72,62.82,54.49,738.7978,14517,29723.289935937177,0.283,0.512431346527044,-9.963134652704404,True,-14.063134652704406,True,361,1
2101905,17,0.6470588235294118,0.48792405025533453,MA,Nordeste,municipal,39.93,47.27,33.01,728.421,19983,8315.718360606515,,0.5120759497446654,8.862405025533455,False,1.5224050255334518,False,362,0
3551900,32,0.53125,0.4889125816934077,SP,Sudeste,municipal,48.16,54.23,42.14,728.7635,14724,23132.097256180386,,0.5110874183065923,0.7312581693407694,False,-5.338741830659231,True,363,0
2613503,38,0.6842105263157895,0.48966203735084585,PE,Nordeste,municipal,52.12,57.48,46.7,735.5636,36752,14418.344579886809,0.393,0.5103379626491542,-3.153796264915414,True,-8.513796264915413,True,364,0
3502200,42,0.35714285714285715,0.49036067861567656,SP,Sudeste,municipal,53.44,58.57,48.25,735.0599,24512,72473.68635770235,,0.5096393213843234,-4.403932138432339,True,-9.533932138432341,True,365,1
2923035,12,0.5833333333333334,0.4904701398861131,BA,Nordeste,municipal,63.79,66.89,60.58,749.9673,11565,11878.253350626892,0.367,0.5095298601138869,-14.742986011388687,True,-17.84298601138869,True,366,0
3543006,27,0.7407407407407407,0.4905732115156444,SP,Sudeste,municipal,57.56,61.89,53.11,739.7058,18930,33848.33597464342,,0.5094267884843555,-8.502678848435558,True,-12.832678848435556,True,367,1
1703206,5,0.6,0.49086814349307434,TO,Norte,municipal,57.3,61.68,52.8,741.4525,4316,29786.839666357737,0.364,0.5091318565069256,-8.213185650692566,True,-12.593185650692568,True,368,0
3554656,4,0.75,0.4925760699791001,SP,Sudeste,municipal,40.22,47.52,33.33,711.1801,2063,21370.334464372274,0.243,0.5074239300208999,9.03760699791001,False,1.7376069979100066,False,369,0
4305900,14,0.35714285714285715,0.49400812824744905,RS,Sul,municipal,79.32,79.43,79.2,758.8336,6230,63739.16532905297,,0.5059918717525509,-29.91918717525509,True,-30.029187175255103,True,370,1
4313607,5,0.6,0.4941958559300125,RS,Sul,municipal,79.11,79.26,78.96,750.2508,3691,44112.97751286914,0.336,0.5058041440699875,-29.690414406998755,True,-29.84041440699876,True,371,1
4320305,6,0.6666666666666666,0.4945835724681635,RS,Sul,estadual,,55.76,83.57,769.8539,5220,54944.444444444445,0.185,0.5054164275318365,,False,-6.30164275318365,True,372,1
2604205,41,0.21951219512195122,0.49482322180573135,PE,Nordeste,municipal,50.3,56.0,44.6,738.4264,33279,11721.355809970251,0.497,0.5051767781942686,-0.8176778194268621,True,-6.517677819426865,True,373,0
4216354,7,0.5714285714285714,0.49486923582615344,SC,Sul,municipal,59.22,63.23,55.09,747.7949,4732,96329.24767540152,0.132,0.5051307641738465,-9.733076417384652,True,-13.74307641738465,True,374,1
4305603,4,1.0,0.4949995251356356,RS,Sul,estadual,66.33,68.91,83.33,764.5845,3319,59950.88882193432,,0.5050004748643644,-16.830047486436435,True,-19.410047486436433,True,375,1
1600535,52,0.5384615384615384,0.4954454193960825,AP,Norte,municipal,67.62,69.95,65.21,759.4447,18988,27788.86665262271,,0.5045545806039176,-18.075458060391753,True,-20.40545806039175,True,376,1
4318440,2,1.0,0.4957101117147733,RS,Sul,municipal,77.17,77.66,76.67,757.1652,2976,38022.17741935484,,0.5042898882852267,-27.59898882852267,True,-28.088988828522666,True,377,1
3517208,22,0.6818181818181818,0.4961799997483927,SP,Sudeste,municipal,55.48,60.21,50.64,737.9987,11459,27127.323501178114,0.188,0.5038200002516073,-5.862000025160725,True,-10.59200002516073,True,378,1
3522000,5,0.6,0.4974586916821476,SP,Sudeste,municipal,58.17,62.39,53.84,729.5327,3702,83280.65910318747,0.24,0.5025413083178524,-8.424130831785241,True,-12.64413083178524,True,379,1
5002308,37,0.5675675675675675,0.4980159724282901,MS,Centro-Oeste,municipal,56.39,60.95,51.72,741.7269,11840,97923.7331081081,0.371,0.5019840275717099,-6.588402757170989,True,-11.148402757170992,True,380,1
4323358,3,0.6666666666666666,0.49823697671550277,RS,Sul,municipal,72.6,73.94,71.21,755.5786,2122,73172.00754005655,,0.5017630232844972,-22.776302328449717,True,-24.11630232844972,True,381,1
2513406,18,0.5555555555555556,0.4999384732605038,PB,Nordeste,municipal,59.0,63.05,54.82,741.915,15387,37266.84863846104,0.318,0.5000615267394962,-9.006152673949622,True,-13.056152673949619,True,382,1
4311759,7,0.42857142857142855,0.5002753382452116,RS,Sul,estadual,35.72,43.57,74.7,767.5429,6917,43854.561225965015,,0.49972466175478836,14.307533824521165,False,6.457533824521164,False,383,1
5103007,37,0.6756756756756757,0.5005408898841406,MT,Centro-Oeste,municipal,52.97,58.18,47.7,737.44,19374,93816.2485805719,,0.4994591101158594,-2.9159110115859406,True,-8.125911011585941,True,384,1
4312104,5,0.4,0.5009137075110266,RS,Sul,estadual,67.91,70.18,100.0,788.9113,4786,36357.29210196406,0.242,0.4990862924889734,-17.818629248897338,True,-20.088629248897348,True,385,2
3551108,22,0.4090909090909091,0.5010520127873084,SP,Sudeste,municipal,47.53,53.71,41.43,734.4616,10632,25406.602708803613,0.233,0.4989479872126916,2.5752012787308374,False,-3.6047987212691623,True,386,1
2203255,5,0.0,0.5013802380757666,PI,Nordeste,municipal,39.57,46.96,32.63,725.2656,4527,11867.240998453723,,0.4986197619242334,10.568023807576658,False,3.1780238075766576,False,387,0
4315800,12,0.25,0.502070845905843,RS,Sul,municipal,76.28,76.93,75.61,758.8881,10644,58869.87974445697,0.109,0.49792915409415694,-26.072915409415693,True,-26.722915409415698,True,388,1
3535903,9,0.8888888888888888,0.5023486284909631,SP,Sudeste,municipal,39.38,46.79,32.42,714.8036,4111,39078.8129408903,0.218,0.49765137150903693,10.854862849096307,False,3.4448628490963102,False,389,1
2206050,5,0.6,0.5030296296853709,PI,Nordeste,municipal,51.46,56.95,45.94,734.6575,5215,11682.262703739214,0.521,0.4969703703146291,-1.157037031462913,True,-6.647037031462915,True,390,0
4314464,4,0.75,0.5032421632279948,RS,Sul,municipal,75.04,75.92,74.14,757.0149,2299,108314.91953023053,,0.49675783677200525,-24.715783677200534,True,-25.59578367720053,True,391,1
3536570,5,0.2,0.5035937114207703,SP,Sudeste,municipal,44.71,51.35,38.25,718.6941,2146,34718.54613233924,0.18,0.49640628857922975,5.6493711420770225,False,-0.9906288579229781,True,392,1
2204709,14,0.5714285714285714,0.5039172621797238,PI,Nordeste,municipal,59.47,63.43,55.39,744.5542,15259,12458.876728488105,,0.49608273782027623,-9.078273782027622,True,-13.038273782027623,True,393,0
3510807,39,0.5384615384615384,0.5043118365859253,SP,Sudeste,municipal,50.63,56.27,44.98,738.1822,28786,51909.92148961301,0.138,0.49568816341407473,-0.19881634140747906,True,-5.83881634140748,True,394,1
4103107,39,0.7435897435897436,0.5043235901598455,PR,Sul,municipal,54.2,59.18,49.13,733.2867,13804,22131.121414082874,,0.4956764098401545,-3.7676409840154506,True,-8.747640984015447,True,395,0
5107776,11,0.18181818181818182,0.5044966810931052,MT,Centro-Oeste,municipal,46.1,52.52,39.81,736.0,7720,39655.0518134715,,0.4955033189068948,4.349668109310521,False,-2.0703318906894808,True,396,1
3127057,8,0.75,0.5059736218243859,MG,Sudeste,estadual,43.82,50.6,28.57,718.5464,4405,13120.544835414303,0.482,0.4940263781756141,6.777362182438587,False,-0.002637817561414124,True,397,0
1707652,15,0.5333333333333333,0.5064188890798552,TO,Norte,municipal,65.27,68.06,62.36,763.9179,5336,65609.07046476762,0.319,0.4935811109201448,-14.628111092014471,True,-17.418111092014477,True,398,1
5104500,7,0.5714285714285714,0.506425819067809,MT,Centro-Oeste,municipal,50.4,56.08,44.71,732.77,2194,49981.768459434825,,0.49357418093219096,0.24258190678090585,False,-5.437418093219094,True,399,1
2515401,11,0.18181818181818182,0.5072633235038831,PB,Nordeste,municipal,59.88,63.76,55.88,744.6674,10620,10546.421845574388,,0.49273667649611685,-9.153667649611691,True,-13.033667649611687,True,400,0
4315107,7,0.42857142857142855,0.5076174222361741,RS,Sul,estadual,73.05,74.31,82.11,756.6458,10132,22708.448480063165,0.273,0.4923825777638259,-22.288257776382586,True,-23.54825777638259,True,401,1
2203909,97,0.4639175257731959,0.508088844482218,PI,Nordeste,municipal,54.22,59.2,49.16,737.7356,64150,26399.189399844116,0.289,0.491911155517782,-3.4111155517781953,True,-8.3911155517782,True,402,1
3551702,202,0.4752475247524752,0.5081315553899045,SP,Sudeste,municipal,58.07,62.3,53.71,742.4005,131600,68959.10334346505,0.186,0.4918684446100955,-7.25684446100955,True,-11.486844461009547,True,403,1
2103208,116,0.4482758620689655,0.5085069271001694,MA,Nordeste,municipal,52.46,57.77,47.1,738.3478,84202,13425.595591553645,0.602,0.4914930728998306,-1.6093072899830574,True,-6.91930728998306,True,404,0
5106000,12,0.6666666666666666,0.5086776890322601,MT,Centro-Oeste,municipal,52.79,58.03,47.48,741.17,5935,67295.5349620893,0.302,0.49132231096773993,-1.9222310967739915,True,-7.1622310967739935,True,405,1
2106326,59,0.3389830508474576,0.5090029308195908,MA,Nordeste,municipal,61.61,65.14,57.95,747.0242,21686,12692.3360693535,0.615,0.4909970691804092,-10.709706918040922,True,-14.239706918040923,True,406,0
4303905,99,0.40404040404040403,0.5090523347608481,RS,Sul,municipal,77.73,78.12,77.34,759.8216,64704,69991.91703758655,0.142,0.4909476652391519,-26.824766523915194,True,-27.214766523915195,True,407,1
2609808,24,0.5416666666666666,0.5093928396542381,PE,Nordeste,municipal,51.44,56.93,45.91,734.5782,14100,13638.936170212766,,0.4906071603457619,-0.5007160345761861,True,-5.990716034576188,True,408,0
4321477,3,0.6666666666666666,0.5097647564898989,RS,Sul,estadual,,,89.47,771.5555,5201,31335.320130744087,0.257,0.49023524351010106,,False,,False,409,2
4216008,27,0.6666666666666666,0.5112442117125352,SC,Sul,estadual,,80.0,75.69,760.9385,10460,76002.86806883365,,0.4887557882874648,,False,-28.875578828746477,True,410,1
4316105,11,0.5454545454545454,0.511254680076954,RS,Sul,municipal,76.01,76.71,75.29,763.3232,9972,40394.70517448857,,0.48874531992304604,-24.88453199230461,True,-25.584531992304598,True,411,1
3144102,24,0.4583333333333333,0.5115302731136704,MG,Sudeste,municipal,49.23,55.11,43.36,734.1866,22527,32975.229724330806,,0.4884697268863296,1.9230273113670435,False,-3.956972688632959,True,412,0
5102686,25,0.68,0.5116624965625312,MT,Centro-Oeste,municipal,53.38,58.51,48.17,740.07,9608,302360.42880932556,0.172,0.48833750343746885,-2.213750343746888,True,-7.343750343746883,True,413,1
5002209,64,0.59375,0.5128831472546111,MS,Centro-Oeste,municipal,57.78,62.07,53.37,743.2975,24761,64075.64314849966,0.232,0.48711685274538885,-6.491685274538888,True,-10.781685274538887,True,414,1
3526100,28,0.5357142857142857,0.5130460801710063,SP,Sudeste,municipal,59.04,63.08,54.87,742.4055,17255,25871.80527383367,0.317,0.4869539198289937,-7.7353919828993725,True,-11.775391982899372,True,415,1
5205497,168,0.6011904761904762,0.5136571403794152,GO,Centro-Oeste,municipal,56.04,60.66,51.3,736.4118,98963,13651.69810939442,0.36,0.48634285962058477,-4.674285962058477,True,-9.294285962058474,True,416,0
5106828,23,0.4782608695652174,0.5138770658338799,MT,Centro-Oeste,municipal,49.74,55.54,43.95,733.55,10167,31841.644536244712,,0.48612293416612007,1.6477065833879934,False,-4.152293416612004,True,417,0
2611002,63,0.6031746031746031,0.5143080977609695,PE,Nordeste,municipal,56.52,61.05,51.87,739.8999,35991,43583.20135589453,0.417,0.48569190223903047,-5.089190223903053,True,-9.619190223903047,True,418,0
4203006,128,0.4453125,0.5144415860066489,SC,Sul,estadual,71.48,73.04,57.14,742.6346,75998,70727.66388589173,,0.4855584139933511,-20.035841399335112,True,-21.595841399335114,True,419,1
2609501,34,0.5294117647058824,0.5145261096048677,PE,Nordeste,municipal,58.93,62.99,54.74,735.1721,32153,24168.4135228439,,0.48547389039513233,-7.477389039513234,True,-11.537389039513236,True,420,0
4320701,19,0.6842105263157895,0.5150883714938034,RS,Sul,municipal,80.0,80.0,82.34,762.6404,14512,36055.678059536935,0.212,0.4849116285061966,-28.49116285061966,True,-28.49116285061966,True,421,1
3304110,35,0.5142857142857142,0.5151217436196441,RJ,Sudeste,municipal,63.97,67.03,60.8,747.6786,21064,152182.96619825295,0.181,0.48487825638035587,-12.457825638035587,True,-15.517825638035589,True,422,1
3301876,47,0.5531914893617021,0.5152598332630631,RJ,Sudeste,municipal,65.34,68.12,62.45,747.5335,29577,27543.73330628529,0.251,0.4847401667369369,-13.814016673693693,True,-16.594016673693694,True,423,1
2209708,10,0.3,0.5154483367506251,PI,Nordeste,municipal,61.76,65.26,58.13,750.9211,5404,12447.076239822354,0.424,0.48455166324937493,-10.215166324937492,True,-13.715166324937499,True,424,0
1718402,9,0.6666666666666666,0.5158739823036398,TO,Norte,municipal,71.14,72.77,69.46,754.5264,3051,29119.305145853818,0.399,0.4841260176963602,-19.55260176963602,True,-21.182601769636015,True,425,2
4105102,16,0.625,0.5159578201213061,PR,Sul,municipal,58.53,62.67,54.26,746.3238,10936,34429.864667154354,0.368,0.4840421798786939,-6.9342179878693955,True,-11.074217987869396,True,426,1
2505352,9,0.5555555555555556,0.5162416604889943,PB,Nordeste,municipal,44.24,50.96,37.73,725.2381,5131,12210.875073085168,0.56,0.48375833951100566,7.384166048899431,False,0.6641660488994319,False,427,0
1502152,241,0.5269709543568465,0.5163383445939489,PA,Norte,municipal,65.05,67.89,62.1,746.2473,86629,191870.62069283958,,0.4836616554060511,-13.416165540605107,True,-16.25616554060511,True,428,1
4303558,7,0.2857142857142857,0.5163842552868857,RS,Sul,municipal,80.0,80.0,80.0,776.7416,3056,200404.12303664922,0.18,0.4836157447131143,-28.361574471311428,True,-28.361574471311428,True,429,1
3521150,12,0.25,0.5165214506148545,SP,Sudeste,municipal,53.23,58.39,48.0,741.9029,7037,24597.271564587183,0.184,0.48347854938514545,-1.577854938514541,True,-6.737854938514545,True,430,1
3542008,15,0.7333333333333333,0.5165891624177176,SP,Sudeste,municipal,56.38,60.94,51.71,742.0452,7225,51445.813148788926,0.313,0.4834108375822824,-4.7210837582282466,True,-9.281083758228242,True,431,1
4217907,16,0.3125,0.5166394738114449,SC,Sul,municipal,,,80.35,764.462,8189,92842.22737819026,,0.4833605261885551,,False,,False,432,1
3547304,282,0.524822695035461,0.516871067996904,SP,Sudeste,municipal,,64.41,,,162341,88261.11087156048,0.326,0.48312893200309603,,False,-12.7228932003096,True,433,1
4322806,36,0.5,0.5169278757240192,RS,Sul,municipal,77.57,77.99,77.14,762.2902,24540,97612.75468622657,0.132,0.4830721242759808,-25.877212427598074,True,-26.297212427598076,True,434,1
3550605,106,0.5188679245283019,0.5170660190541702,SP,Sudeste,municipal,56.9,61.36,52.32,737.8486,81342,55722.34515994197,,0.48293398094582984,-5.193398094582982,True,-9.653398094582982,True,435,1
3117836,9,0.4444444444444444,0.5175114943446957,MG,Sudeste,estadual,,,40.37,718.7208,7420,10607.142857142857,0.414,0.4824885056553043,,False,,False,436,0
2200251,3,1.0,0.5177840438198185,PI,Nordeste,municipal,50.17,55.89,44.44,733.74,6901,11706.564266048399,,0.48221595618018154,1.6084043819818419,False,-4.111595618018157,True,437,0
2102507,11,0.36363636363636365,0.5178360319847497,MA,Nordeste,municipal,57.7,62.0,53.27,747.1275,16711,9281.49123331937,,0.4821639680152503,-5.916396801525032,True,-10.216396801525029,True,438,0
2609402,56,0.39285714285714285,0.5180454606648259,PE,Nordeste,municipal,57.79,62.08,53.38,737.0446,57647,19399.257550262806,0.412,0.48195453933517407,-5.985453933517405,True,-10.275453933517404,True,439,0
2615409,89,0.6966292134831461,0.5187526843819927,PE,Nordeste,municipal,55.11,59.92,50.21,734.8244,43636,18625.790631588596,0.363,0.48124731561800727,-3.2347315618007286,True,-8.044731561800731,True,440,0
3511102,107,0.616822429906542,0.518777352161719,SP,Sudeste,municipal,58.62,62.74,54.37,744.1825,119172,58989.97247675629,0.178,0.48122264783828095,-6.742264783828091,True,-10.862264783828095,True,441,1
3538709,565,0.5628318584070796,0.518780256696263,SP,Sudeste,municipal,58.93,62.99,54.74,743.5309,438827,101068.50307752258,,0.48121974330373696,-7.051974330373696,True,-11.111974330373698,True,442,1
2109106,76,0.40789473684210525,0.519497122530411,MA,Nordeste,municipal,58.95,63.01,54.77,744.907,46578,21256.23685001503,0.402,0.480502877469589,-7.000287746958904,True,-11.060287746958899,True,443,0
4218608,14,0.5714285714285714,0.5196649354060285,SC,Sul,municipal,70.04,71.89,68.13,744.5533,7532,57531.864046733936,,0.48033506459397146,-18.07350645939715,True,-19.923506459397146,True,444,1
4314076,11,0.45454545454545453,0.5197706775477727,RS,Sul,estadual,80.0,80.0,89.44,792.4478,6154,45802.89242768931,,0.48022932245222727,-28.022932245222727,True,-28.022932245222727,True,445,2
2514305,8,0.625,0.5201517856683338,PB,Nordeste,municipal,53.39,58.52,48.19,737.4085,5032,12713.235294117647,0.415,0.47984821433166625,-1.3748214331666233,True,-6.504821433166626,True,446,0
2703304,30,0.8333333333333334,0.5206502073584602,AL,Nordeste,municipal,67.49,69.84,65.05,751.121,15417,13623.856781474995,0.587,0.47934979264153976,-15.424979264153968,True,-17.774979264153977,True,447,0
2111631,10,0.4,0.5208370976757353,MA,Nordeste,municipal,60.22,64.03,56.29,747.1914,5767,10857.638286804231,,0.47916290232426473,-8.136290232426475,True,-11.946290232426477,True,448,0
2206704,8,0.625,0.5209530900219346,PI,Nordeste,municipal,52.31,57.65,46.93,736.7761,6729,11712.29008768019,0.496,0.4790469099780654,-0.21469099780654233,True,-5.554690997806539,True,449,0
2107357,26,0.5384615384615384,0.5210301046658621,MA,Nordeste,municipal,60.95,64.61,57.16,748.6692,14468,11885.747857340337,,0.4789698953341379,-8.846989533413797,True,-12.506989533413794,True,450,0
4300208,11,0.6363636363636364,0.5211620433345312,RS,Sul,municipal,80.0,80.0,80.14,763.5596,6848,56005.40303738318,0.18,0.4788379566654688,-27.88379566654688,True,-27.88379566654688,True,451,1
3303609,59,0.576271186440678,0.521225146382218,RJ,Sudeste,municipal,66.88,69.35,64.31,746.9267,43656,24864.600513102436,0.399,0.47877485361778205,-14.757485361778201,True,-17.2274853617782,True,452,0
2502805,14,0.35714285714285715,0.5213226780783683,PB,Nordeste,municipal,57.95,62.2,53.57,746.9037,14050,14754.804270462633,0.453,0.4786773219216317,-5.81773219216317,True,-10.06773219216317,True,453,0
2110005,117,0.5128205128205128,0.5221215830271045,MA,Nordeste,municipal,58.67,62.78,54.43,744.8212,59037,16698.155394074904,0.469,0.47787841697289546,-6.457841697289545,True,-10.567841697289545,True,454,0
2608008,22,0.4090909090909091,0.5221348222106649,PE,Nordeste,municipal,56.54,61.07,51.9,739.2801,16323,11786.068737364456,0.399,0.4778651777893351,-4.326517778933514,True,-8.856517778933515,True,455,0
5102793,22,0.9545454545454546,0.5221945988973753,MT,Centro-Oeste,municipal,48.49,54.51,42.52,734.96,10324,40981.98372723751,,0.4778054011026247,3.7294598897375266,False,-2.2905401102624694,True,456,1
5103379,28,0.5714285714285714,0.5222833416396984,MT,Centro-Oeste,municipal,61.94,65.41,58.35,747.78,10398,31520.580880938644,0.338,0.47771665836030164,-9.711665836030164,True,-13.181665836030163,True,457,1
4105201,26,0.38461538461538464,0.5227801452558893,PR,Sul,municipal,58.95,63.01,54.77,740.7279,16240,23030.172413793105,0.302,0.47721985474411066,-6.671985474411066,True,-10.731985474411061,True,458,1
3507605,208,0.4519230769230769,0.5230173321360058,SP,Sudeste,municipal,56.64,61.15,52.01,742.3843,184634,56562.1066542457,0.188,0.47698266786399424,-4.338266786399423,True,-8.84826678639942,True,459,1
3524808,74,0.6756756756756757,0.523168532320849,SP,Sudeste,municipal,59.42,63.39,55.33,747.9326,50017,51786.552572125474,,0.47683146767915097,-7.103146767915099,True,-11.073146767915098,True,460,1
3501301,41,0.5609756097560976,0.5237856879412051,SP,Sudeste,municipal,58.23,62.43,53.91,746.8038,28250,30434.37168141593,0.283,0.47621431205879494,-5.851431205879493,True,-10.051431205879496,True,461,1
4316428,4,0.5,0.52392574707621,RS,Sul,municipal,78.98,79.16,78.81,764.5082,2529,26533.017002767894,,0.47607425292379,-26.58742529237901,True,-26.767425292379002,True,462,2
2614808,18,0.5555555555555556,0.5241839194432456,PE,Nordeste,municipal,60.02,63.86,56.04,744.1483,24803,10571.221223239125,,0.4758160805567544,-7.601608055675442,True,-11.441608055675438,True,463,0
4301552,3,1.0,0.5243111706056666,RS,Sul,estadual,80.0,80.0,84.62,771.7134,3460,51374.56647398844,,0.47568882939433343,-27.568882939433344,True,-27.568882939433344,True,464,2
4309704,10,0.5,0.5246599627837897,RS,Sul,municipal,80.0,80.0,90.66,772.5312,4774,45668.412232928364,0.121,0.4753400372162103,-27.534003721621033,True,-27.534003721621033,True,465,1
4305959,3,0.6666666666666666,0.5247163055279438,RS,Sul,municipal,74.92,75.82,73.99,754.6916,3926,52241.976566479876,,0.4752836944720562,-22.44836944720562,True,-23.348369447205613,True,466,1
4207403,10,0.8,0.5250323084096908,SC,Sul,municipal,67.27,69.66,64.78,751.4651,6139,52034.69620459358,0.194,0.47496769159030916,-14.766769159030915,True,-17.156769159030915,True,467,1
4200408,21,0.42857142857142855,0.525359264180202,SC,Sul,municipal,67.24,69.64,64.75,749.4372,6625,112877.28301886792,0.12,0.47464073581979804,-14.704073581979799,True,-17.104073581979804,True,468,1
2203107,4,0.75,0.52562843477757,PI,Nordeste,municipal,55.47,60.21,50.63,742.4212,10772,14453.769030820646,,0.47437156522242996,-2.9071565222429925,True,-7.6471565222429945,True,469,0
4313102,7,0.5714285714285714,0.526383779982834,RS,Sul,estadual,80.0,80.0,87.5,779.5215,5683,53994.721098011614,0.086,0.47361622001716597,-27.361622001716597,True,-27.361622001716597,True,470,1
3523206,65,0.49230769230769234,0.5274194216315662,SP,Sudeste,municipal,59.9,63.77,55.9,741.1565,45327,31028.8569726653,0.312,0.4725805783684338,-7.158057836843376,True,-11.02805783684338,True,471,1
3514908,30,0.6333333333333333,0.5274519944464838,SP,Sudeste,municipal,59.26,63.26,55.13,742.5504,18103,119290.11766005635,0.203,0.47254800555351617,-6.514800555351613,True,-10.514800555351613,True,472,1
5107206,6,1.0,0.5277512458391433,MT,Centro-Oeste,municipal,53.36,58.5,48.15,737.87,4489,28936.288705725106,0.308,0.47224875416085665,-0.5848754160856657,True,-5.724875416085666,True,473,1
3515509,72,0.5138888888888888,0.5278554138526264,SP,Sudeste,municipal,61.33,64.91,57.61,747.2504,73286,38079.687798488114,,0.47214458614737365,-8.544458614737366,True,-12.124458614737364,True,474,1
2503803,8,0.375,0.5283432697730359,PB,Nordeste,municipal,59.08,63.11,54.92,735.0671,5928,15541.329284750338,0.41,0.4716567302269641,-6.245673022696408,True,-10.27567302269641,True,475,0
2608107,27,0.7037037037037037,0.5283552420403249,PE,Nordeste,municipal,60.81,64.5,56.99,743.4917,28903,12278.275611528215,0.382,0.4716447579596751,-7.974475795967514,True,-11.664475795967512,True,476,0
4103206,10,0.8,0.5290195714012044,PR,Sul,municipal,57.91,62.18,53.53,742.8611,6677,33197.244271379364,0.392,0.47098042859879563,-5.008042859879559,True,-9.278042859879562,True,477,0
5101308,19,0.6842105263157895,0.5292543112153789,MT,Centro-Oeste,municipal,65.24,68.04,62.33,752.79,10747,30284.451474830184,0.259,0.4707456887846211,-12.314568878462104,True,-15.114568878462116,True,478,1
3537503,14,0.6428571428571429,0.5292678509517248,SP,Sudeste,municipal,56.11,60.73,51.39,745.5212,8969,45764.63373843238,,0.4707321490482752,-3.1832149048275227,True,-7.80321490482752,True,479,1
2606309,10,0.7,0.5300600926964902,PE,Nordeste,municipal,57.04,61.47,52.49,743.7574,7206,12638.218151540383,0.488,0.46993990730350976,-4.033990730350972,True,-8.463990730350972,True,480,0
2201176,6,1.0,0.5301140891305242,PI,Nordeste,municipal,64.23,67.24,61.11,747.8166,4091,11554.876558298705,,0.46988591086947584,-11.21859108694759,True,-14.228591086947581,True,481,0
3548005,37,0.43243243243243246,0.5302223685783702,SP,Sudeste,municipal,58.55,62.69,54.29,743.6944,23779,90285.12553093066,0.189,0.46977763142162976,-5.527763142162975,True,-9.667763142162975,True,482,1
4303673,4,0.5,0.5309434168975037,RS,Sul,municipal,80.0,80.0,90.0,767.1718,3311,71519.78254303835,,0.4690565831024963,-26.905658310249635,True,-26.905658310249635,True,483,1
2204501,14,0.42857142857142855,0.5309477372830036,PI,Nordeste,municipal,54.0,59.02,48.9,734.0809,10478,55828.02061462111,0.361,0.4690522627169964,-0.9052262716996395,True,-5.925226271699643,True,484,1
5106216,23,0.5652173913043478,0.531293899383325,MT,Centro-Oeste,municipal,60.45,64.21,56.56,749.28,11771,89876.98581259027,0.288,0.46870610061667495,-7.3206100616674945,True,-11.080610061667485,True,485,1
2613008,72,0.5277777777777778,0.5313761015606028,PE,Nordeste,municipal,59.89,63.76,55.89,744.2843,51264,37240.12952559301,0.453,0.4686238984393972,-6.752389843939724,True,-10.622389843939722,True,486,0
4307864,6,0.6666666666666666,0.531399084312841,RS,Sul,municipal,80.0,80.0,92.86,765.4126,2620,72461.06870229008,0.172,0.468600915687159,-26.8600915687159,True,-26.8600915687159,True,487,1
2102903,45,0.6222222222222222,0.53156929222161,MA,Nordeste,municipal,59.63,63.56,55.58,748.437,24855,9915.38925769463,0.625,0.46843070777839,-6.4730707778390055,True,-10.403070777839005,True,488,0
2111573,17,0.5882352941176471,0.5322341108932569,MA,Nordeste,municipal,46.51,52.86,40.27,738.5036,5965,17422.967309304277,0.422,0.4677658891067431,6.713411089325689,False,0.36341108932568744,False,489,0
3513207,14,0.42857142857142855,0.5324367320800685,SP,Sudeste,municipal,54.91,59.75,49.97,729.341,9543,47068.1127528031,0.159,0.4675632679199315,-1.66632679199315,True,-6.506326791993153,True,490,1
4323101,3,0.6666666666666666,0.5327213452427978,RS,Sul,municipal,73.49,74.66,72.28,763.6852,4747,31148.936170212764,0.391,0.4672786547572022,-20.217865475720217,True,-21.38786547572022,True,491,2
2106755,35,0.6857142857142857,0.5328570554795894,MA,Nordeste,municipal,59.27,63.27,55.15,751.0401,24377,23725.889157812693,,0.4671429445204106,-5.984294452041063,True,-9.984294452041063,True,492,1
4313334,2,0.5,0.5332954152485179,RS,Sul,municipal,80.0,80.0,86.97,764.4876,2201,93138.11903680145,,0.46670458475148213,-26.670458475148216,True,-26.670458475148216,True,493,1
1700251,3,0.3333333333333333,0.5334033457662307,TO,Norte,municipal,65.03,67.87,62.07,767.1338,2668,53197.151424287855,,0.4665966542337693,-11.68966542337693,True,-14.529665423376933,True,494,1
2918704,3,0.6666666666666666,0.5334054080962339,BA,Nordeste,municipal,69.64,71.57,67.65,761.2286,4221,16809.52380952381,0.507,0.46659459190376606,-16.29945919037661,True,-18.229459190376602,True,495,2
2614303,14,0.35714285714285715,0.5335228992088032,PE,Nordeste,municipal,49.94,55.7,44.18,742.1413,10849,9813.070329062586,0.453,0.46647710079119675,3.412289920880326,False,-2.347710079119679,True,496,0
2203750,3,0.6666666666666666,0.5340211114456676,PI,Nordeste,municipal,43.27,50.13,36.65,733.8837,5414,11660.87920206871,,0.46597888855433245,10.13211114456675,False,3.2721111445667503,False,497,0
4206504,100,0.47,0.5341191451104391,SC,Sul,municipal,71.87,73.35,70.33,754.1518,49941,62809.114755411385,0.188,0.4658808548895609,-18.458085488956094,True,-19.938085488956084,True,498,1
2605301,61,0.4918032786885246,0.534509913549053,PE,Nordeste,municipal,60.53,64.27,56.65,748.9803,33436,13168.889819356382,,0.465490086450947,-7.079008645094703,True,-10.819008645094698,True,499,0
3538303,8,0.375,0.5347136950239924,SP,Sudeste,municipal,60.19,64.01,56.25,742.0912,3296,30429.611650485436,0.285,0.46528630497600765,-6.718630497600763,True,-10.53863049760077,True,500,1
3545803,260,0.6076923076923076,0.53506402540807,SP,Sudeste,municipal,58.84,62.92,54.63,743.0969,189338,57061.93157210914,0.247,0.46493597459193003,-5.333597459193008,True,-9.413597459193007,True,501,1
3512704,8,0.875,0.5350885778240481,SP,Sudeste,municipal,49.46,55.31,43.63,741.0662,4285,82754.72578763127,,0.46491142217595194,4.048857782404802,False,-1.8011422175951992,True,502,1
4128302,1,1.0,0.5351375041619187,PR,Sul,municipal,63.5,66.65,60.23,750.1147,2121,62076.85054219708,0.303,0.46486249583808126,-9.986249583808124,True,-13.13624958380813,True,503,1
2609154,21,0.42857142857142855,0.5357648141686842,PE,Nordeste,municipal,60.73,64.43,56.89,752.1709,26773,6840.996526351175,0.613,0.46423518583131584,-7.153518583131579,True,-10.853518583131589,True,504,0
2505501,3,0.6666666666666666,0.5360150148573217,PB,Nordeste,municipal,49.87,55.64,44.1,734.8488,3759,13421.654695397712,,0.4639849851426783,3.731501485732174,False,-2.038498514267829,True,505,0
2210979,4,0.75,0.5362615452782677,PI,Nordeste,municipal,61.92,65.39,58.33,743.9485,2330,18899.14163090129,0.39,0.46373845472173225,-8.293845472173224,True,-11.763845472173223,True,506,0
4126702,2,0.0,0.5366509514320648,PR,Sul,municipal,52.89,58.11,47.6,736.9229,4979,36984.33420365535,0.228,0.46334904856793524,0.7750951432064781,False,-4.444904856793521,True,507,1
4203303,17,0.35294117647058826,0.5366523506269831,SC,Sul,municipal,68.68,70.79,66.48,750.7298,12815,68097.15177526337,0.192,0.46334764937301687,-15.014764937301692,True,-17.12476493730169,True,508,1
4314001,13,0.46153846153846156,0.5372057300540849,RS,Sul,estadual,80.0,80.0,95.45,784.0718,7357,66366.18186760908,0.133,0.4627942699459151,-26.27942699459151,True,-26.27942699459151,True,509,1
3511904,8,0.375,0.5372268809906353,SP,Sudeste,municipal,55.83,60.5,51.06,744.8485,7087,35855.368985466346,0.292,0.4627731190093647,-2.107311900936466,True,-6.777311900936468,True,510,1
5106281,13,0.8461538461538461,0.5373993070915899,MT,Centro-Oeste,municipal,62.33,65.72,58.82,748.3,7160,130010.0558659218,0.361,0.4626006929084101,-8.590069290841008,True,-11.980069290841008,True,511,1
3304201,160,0.65,0.53767983740866,RJ,Sudeste,municipal,70.45,72.21,68.62,749.7351,137612,89146.99299479696,,0.46232016259134,-16.682016259134002,True,-18.442016259133993,True,512,1
5101704,62,0.6774193548387096,0.5378127915675639,MT,Centro-Oeste,municipal,55.71,60.4,50.91,740.95,29576,59987.76034622667,0.277,0.4621872084324361,-1.9287208432436103,True,-6.618720843243608,True,513,1
3517406,48,0.4583333333333333,0.5379223326589953,SP,Sudeste,municipal,59.03,63.07,54.86,745.8668,40424,80000.9400356224,,0.46207766734100475,-5.237766734100475,True,-9.277766734100474,True,514,1
3512308,14,0.5714285714285714,0.5379763084049672,SP,Sudeste,municipal,52.67,57.93,47.34,733.7699,15381,35830.115077043105,0.161,0.46202369159503276,1.127630840496721,False,-4.132369159503277,True,515,1
2100501,20,0.45,0.5382133009481668,MA,Nordeste,municipal,52.17,57.53,46.76,741.0599,11382,50410.20910209102,0.444,0.4617866990518332,1.6513300948166787,False,-3.7086699051833207,True,516,0
2202752,5,1.0,0.5388417043592328,PI,Nordeste,municipal,58.67,62.78,54.43,748.8853,6287,14784.316844281851,0.434,0.46115829564076716,-4.785829564076721,True,-8.89582956407672,True,517,0
4304309,13,0.6153846153846154,0.5389152872586569,RS,Sul,municipal,76.2,76.87,75.52,768.8864,6421,58405.54430774023,,0.4610847127413431,-22.308471274134313,True,-22.978471274134314,True,518,1
3547809,731,0.5225718194254446,0.539629905219136,SP,Sudeste,municipal,57.33,61.71,52.84,741.6645,778711,47426.26083360836,0.359,0.460370094780864,-3.367009478086395,True,-7.747009478086397,True,519,1
5106232,33,0.5757575757575758,0.5397410003589287,MT,Centro-Oeste,municipal,55.56,60.28,50.74,740.77,16314,47319.11241878141,0.376,0.4602589996410713,-1.585899964107135,True,-6.305899964107134,True,520,1
3535002,13,0.8461538461538461,0.5407859276088267,SP,Sudeste,municipal,61.63,65.16,57.98,751.0103,11689,51616.73368123877,0.287,0.4592140723911733,-7.5514072391173315,True,-11.081407239117326,True,521,1
2510204,14,0.42857142857142855,0.5410461846325839,PB,Nordeste,municipal,51.47,56.96,45.95,734.032,5909,11758.673210357083,,0.4589538153674161,2.6346184632583913,False,-2.8553815367416107,True,522,0
3507803,39,0.5384615384615384,0.541307139134396,SP,Sudeste,municipal,58.03,62.27,53.67,745.1223,26167,46253.10505598655,0.232,0.458692860865604,-3.8992860865604015,True,-8.139286086560404,True,523,1
4110904,5,0.6,0.5414351847250711,PR,Sul,municipal,62.76,66.06,59.34,740.157,4532,36252.20653133275,,0.45856481527492887,-8.616481527492887,True,-11.916481527492891,True,524,1
2504355,9,0.5555555555555556,0.5420347948256652,PB,Nordeste,municipal,57.47,61.82,53.0,742.2911,5492,15880.73561544064,,0.4579652051743348,-3.2665205174334773,True,-7.616520517433479,True,525,0
2207959,14,0.5,0.5425347133633299,PI,Nordeste,municipal,53.26,58.41,48.03,729.9869,4147,12455.751145406317,0.37,0.4574652866366701,0.9934713363329948,False,-4.156528663667004,True,526,0
4318457,3,0.0,0.5425618293245804,RS,Sul,municipal,78.67,78.89,78.44,764.8667,2403,31744.069912609237,,0.4574381706754196,-24.413817067541963,True,-24.633817067541962,True,527,2
4303301,5,0.6,0.5426536668229961,RS,Sul,municipal,80.0,80.0,89.44,768.6359,4797,37609.33917031478,0.314,0.4573463331770039,-25.734633317700393,True,-25.734633317700393,True,528,2
2607950,7,0.8571428571428571,0.5433084248256259,PE,Nordeste,municipal,61.36,64.94,57.65,744.7254,10483,12337.498807593247,,0.4566915751743741,-7.029157517437412,True,-10.60915751743741,True,529,0
5106265,21,0.5714285714285714,0.5434706600599304,MT,Centro-Oeste,municipal,57.99,62.24,53.62,744.94,6444,97297.33085040348,,0.4565293399400696,-3.6429339940069596,True,-7.89293399400696,True,530,1
3534609,28,0.7142857142857143,0.5436172922953525,SP,Sudeste,municipal,61.92,65.39,58.32,747.8402,32099,50320.81996323873,0.24,0.4563827077046475,-7.558270770464752,True,-11.02827077046475,True,531,1
2209906,7,1.0,0.5437765606127694,PI,Nordeste,municipal,54.3,59.26,49.25,739.5422,6233,11669.82191561046,0.464,0.45622343938723064,0.07765606127694014,False,-4.882343938723061,True,532,0
3539905,5,0.8,0.5441875274114063,SP,Sudeste,estadual,,,40.07,726.9184,5696,35111.30617977528,,0.4558124725885937,,False,,False,533,0
2516755,4,0.5,0.5441955238367443,PB,Nordeste,municipal,65.1,67.93,62.16,753.932,3069,13108.830237862496,0.431,0.4558044761632557,-10.680447616325566,True,-13.510447616325578,True,534,0
3548609,13,0.6923076923076923,0.544279145136083,SP,Sudeste,municipal,64.92,67.79,61.94,754.6358,11948,29692.6682289923,0.297,0.455720854863917,-10.492085486391701,True,-13.362085486391706,True,535,1
2603603,6,0.5,0.544318164565559,PE,Nordeste,municipal,60.07,63.9,56.1,753.1764,7972,53624.5609633718,0.442,0.45568183543444096,-5.638183543444093,True,-9.468183543444091,True,536,1
3552304,8,0.375,0.545244796767504,SP,Sudeste,municipal,56.44,60.99,51.78,740.9633,7466,40557.32654701312,0.269,0.45475520323249596,-1.915520323249595,True,-6.465520323249599,True,537,1
4217501,44,0.4772727272727273,0.5453020848311129,SC,Sul,municipal,80.0,80.0,83.55,772.7912,19241,78304.03825165013,,0.45469791516888713,-25.469791516888712,True,-25.469791516888712,True,538,1
4305871,1,1.0,0.5455008211597122,RS,Sul,municipal,80.0,80.0,84.76,771.4787,2892,49466.80497925311,0.171,0.4544991788402878,-25.44991788402878,True,-25.44991788402878,True,539,1
5100201,48,0.5625,0.5457866197356295,MT,Centro-Oeste,municipal,62.56,65.9,59.1,748.94,31314,79188.70153924762,,0.4542133802643705,-7.981338026437058,True,-11.321338026437061,True,540,1
3302106,32,0.5,0.5459762903023326,RJ,Sudeste,municipal,67.71,70.01,65.31,751.5917,23643,31996.320263925896,0.15,0.45402370969766737,-13.11237096976673,True,-15.41237096976674,True,541,1
4218350,9,0.3333333333333333,0.546010630863168,SC,Sul,municipal,70.42,72.19,68.59,753.3078,3895,51065.46854942234,0.183,0.45398936913683197,-15.818936913683196,True,-17.58893691368319,True,542,1
4306924,4,0.75,0.5460138847567951,RS,Sul,municipal,77.38,77.83,76.92,760.0118,1317,38533.02961275626,0.179,0.45398611524320487,-22.778611524320482,True,-23.228611524320485,True,543,1
3127073,10,0.2,0.5474570658419762,MG,Sudeste,municipal,,,43.91,729.2152,4607,12467.332320382027,0.442,0.4525429341580238,,False,,False,544,0
2205565,14,0.6428571428571429,0.5475980472026061,PI,Nordeste,municipal,59.71,63.62,55.67,744.4298,5146,71646.52157015157,,0.4524019527973939,-4.950195279739397,True,-8.860195279739393,True,545,1
3529005,286,0.5384615384615384,0.5476304549974084,SP,Sudeste,municipal,62.61,65.94,59.16,748.4005,246627,50714.524362701566,0.191,0.45236954500259163,-7.846954500259166,True,-11.176954500259164,True,546,1
3146305,25,0.44,0.5479214637961242,MG,Sudeste,municipal,54.04,59.05,48.95,736.0099,17537,14522.495295660603,0.483,0.45207853620387584,0.7521463796124195,False,-4.2578536203875785,True,547,0
2203701,61,0.639344262295082,0.5480849115061711,PI,Nordeste,municipal,60.81,64.5,56.99,753.1059,42510,14841.049164902375,,0.4519150884938289,-6.001508849382894,True,-9.691508849382892,True,548,0
3502101,67,0.6268656716417911,0.5485226175952733,SP,Sudeste,municipal,60.79,64.49,56.97,744.6846,61473,72632.53786215086,,0.4514773824047267,-5.937738240472669,True,-9.637738240472665,True,549,1
2603108,32,0.5625,0.5485928349933225,PE,Nordeste,municipal,60.56,64.3,56.69,747.8081,20612,14085.87230739375,0.406,0.45140716500667755,-5.70071650066776,True,-9.440716500667754,True,550,0
3130705,12,0.5,0.548638477999125,MG,Sudeste,municipal,49.02,54.94,43.12,736.7134,6309,340801.5533365034,,0.451361522000875,5.843847799912496,False,-0.07615220008749901,True,551,1
4322525,8,0.5,0.5489384182347115,RS,Sul,municipal,80.0,80.0,85.54,766.1005,3214,48805.22713130056,,0.45106158176528854,-25.10615817652885,True,-25.10615817652885,True,552,2
4205431,11,0.5454545454545454,0.5492666631438083,SC,Sul,municipal,67.78,70.07,65.4,753.5557,2743,38207.43711265038,0.192,0.45073333685619166,-12.85333368561917,True,-15.143333685619162,True,553,1
2102101,43,0.4883720930232558,0.5493241704555012,MA,Nordeste,municipal,55.2,59.99,50.31,747.0886,35322,12072.900741747353,0.489,0.4506758295444988,-0.26758295444988534,True,-5.0575829544498845,True,554,0
2202554,11,0.6363636363636364,0.549694693939516,PI,Nordeste,municipal,64.49,67.44,61.42,754.0187,5162,14057.342115459125,,0.450305306060484,-9.520530606048396,True,-12.4705306060484,True,555,2
4315909,9,0.6666666666666666,0.5498196550126774,RS,Sul,estadual,80.0,80.0,92.82,775.6778,6821,44150.41782729805,,0.4501803449873226,-25.018034498732263,True,-25.018034498732263,True,556,2
3509254,49,0.5510204081632653,0.5500635766458132,SP,Sudeste,municipal,62.43,65.8,58.94,749.2932,29257,67938.27118296476,0.283,0.4499364233541868,-7.423642335418684,True,-10.793642335418681,True,557,1
4305850,4,0.75,0.5505557053447576,RS,Sul,municipal,80.0,80.0,86.57,763.8263,2251,61876.05508662816,,0.4494442946552424,-24.944429465524237,True,-24.944429465524237,True,558,2
5105176,25,0.52,0.550751403524383,MT,Centro-Oeste,municipal,63.07,66.31,59.71,751.46,10149,38038.328899398955,0.34,0.449248596475617,-7.994859647561697,True,-11.234859647561699,True,559,1
4107157,14,0.5714285714285714,0.5511631634671653,PR,Sul,municipal,69.28,71.27,67.21,747.7889,4557,29513.495720868992,0.264,0.4488368365328347,-14.16368365328347,True,-16.153683653283466,True,560,1
4219705,79,0.5569620253164557,0.5513073794933786,SC,Sul,municipal,68.78,70.88,66.61,749.2148,33902,51249.98525160758,0.282,0.4486926205066214,-13.649262050662138,True,-15.749262050662132,True,561,1
3535606,23,0.5652173913043478,0.551391504217204,SP,Sudeste,municipal,66.21,68.82,63.5,754.0246,17950,22761.504178272982,0.185,0.44860849578279605,-11.0708495782796,True,-13.680849578279599,True,562,1
4304903,24,0.7916666666666666,0.5514531758377829,RS,Sul,estadual,80.0,80.0,77.86,781.0353,9689,90406.54350294148,,0.44854682416221714,-24.854682416221713,True,-24.854682416221713,True,563,1
2106904,39,0.3076923076923077,0.5522240270695545,MA,Nordeste,municipal,56.61,61.13,51.98,750.8178,28606,9800.98580717332,0.578,0.44777597293044547,-1.3875972930445428,True,-5.907597293044546,True,564,0
3544509,5,0.8,0.5522503124191401,SP,Sudeste,municipal,63.75,66.85,60.53,746.0842,3965,49528.877679697354,0.179,0.44774968758085987,-8.52496875808599,True,-11.624968758085984,True,565,1
5107198,5,0.6,0.5525413320022465,MT,Centro-Oeste,municipal,54.05,59.06,48.96,743.76,2697,71510.56729699667,0.253,0.44745866799775347,1.2041332002246534,False,-3.8058667997753517,True,566,1
4128625,5,0.6,0.5535525667596868,PR,Sul,municipal,,70.28,,,3077,48020.799480012996,0.275,0.4464474332403132,,False,-14.924743324031326,True,567,1
3512209,45,0.4666666666666667,0.5537565919267662,SP,Sudeste,municipal,58.29,62.48,53.98,743.6161,29034,37668.38878556176,0.214,0.4462434080732338,-2.914340807323377,True,-7.104340807323375,True,568,1
3304706,41,0.6097560975609756,0.554614906826506,RJ,Sudeste,municipal,68.58,70.72,66.37,752.9027,43686,38601.3139220803,0.248,0.44538509317349395,-13.118509317349393,True,-15.258509317349393,True,569,1
3518503,27,0.6666666666666666,0.5548289303386469,SP,Sudeste,municipal,65.19,68.0,62.27,751.0132,15268,25294.799580822637,0.325,0.4451710696613531,-9.707106966135306,True,-12.517106966135309,True,570,1
1100130,57,0.5614035087719298,0.5555310350747181,RO,Norte,municipal,56.12,60.73,51.4,742.3103,34063,30995.684467017,0.33,0.4444689649252819,-0.566896492528187,True,-5.176896492528186,True,571,1
3522158,5,0.6,0.5555508793826551,SP,Sudeste,municipal,64.03,67.08,60.87,756.1736,3490,19479.083094555874,,0.4444491206173449,-8.474912061734486,True,-11.524912061734483,True,572,2
3501905,79,0.6582278481012658,0.5561381559233123,SP,Sudeste,municipal,56.97,61.42,52.41,739.7351,69717,96080.85545849649,,0.4438618440766877,-1.3561844076687706,True,-5.806184407668773,True,573,1
3101003,26,0.6538461538461539,0.556221555781782,MG,Sudeste,municipal,48.71,54.69,42.77,737.7778,14486,19217.865525334804,0.425,0.443778444218218,6.912155578178201,False,0.9321555781782038,False,574,0
3530003,4,1.0,0.5566228009434401,SP,Sudeste,municipal,64.03,67.08,60.87,760.3379,3199,24145.04532666458,0.18,0.4433771990565599,-8.367719905655996,True,-11.417719905655993,True,575,1
3520509,409,0.589242053789731,0.5566966240016573,SP,Sudeste,municipal,62.07,65.51,58.5,747.1829,267796,105546.24789018507,0.087,0.4433033759983427,-6.400337599834266,True,-9.840337599834271,True,576,1
3553005,16,0.6875,0.5569033894291564,SP,Sudeste,municipal,62.14,65.57,58.59,753.4191,13006,31472.781793018607,0.17,0.4430966105708436,-6.449661057084363,True,-9.879661057084355,True,577,1
4110003,11,0.2727272727272727,0.5583070552534308,PR,Sul,municipal,55.71,60.4,50.91,739.8458,5599,47715.30630469727,0.17,0.44169294474656917,0.12070552534308376,False,-4.569294474656914,True,578,1
3161106,101,0.6435643564356436,0.5586534143487213,MG,Sudeste,estadual,51.71,57.15,45.24,726.1874,54239,15842.640904146463,,0.4413465856512787,4.155341434872128,False,-1.2846585651278701,True,579,0
2607505,26,0.6153846153846154,0.5589530157559623,PE,Nordeste,municipal,62.9,66.17,59.5,746.0752,33691,11583.182452286961,,0.44104698424403765,-7.004698424403763,True,-10.274698424403766,True,580,0
4310702,3,0.3333333333333333,0.5589929560055049,RS,Sul,municipal,80.0,80.0,88.89,775.0848,3249,26196.67590027701,,0.4410070439944951,-24.100704399449512,True,-24.100704399449512,True,581,2
5108006,37,0.6486486486486487,0.5594436729730389,MT,Centro-Oeste,municipal,59.92,63.78,55.92,751.69,15272,161568.03300157152,0.252,0.4405563270269611,-3.9756327026961173,True,-7.835632702696117,True,582,1
2513927,9,0.3333333333333333,0.5602216746140074,PB,Nordeste,municipal,68.26,70.46,65.98,755.0037,4473,14367.091437513973,0.373,0.4397783253859926,-12.237832538599264,True,-14.437832538599253,True,583,2
3303005,37,0.5675675675675675,0.5612049028242323,RJ,Sudeste,municipal,69.57,71.51,67.56,752.0261,28411,26119.35517933195,,0.4387950971757677,-13.44950971757676,True,-15.389509717576772,True,584,1
4100806,18,0.5555555555555556,0.5613589243085833,PR,Sul,municipal,71.09,72.72,69.39,747.4416,10478,41653.27352548196,0.31,0.43864107569141675,-14.954107569141676,True,-16.584107569141672,True,585,1
3507001,111,0.6396396396396397,0.5616530473875383,SP,Sudeste,municipal,64.65,67.57,61.62,751.2747,63415,70553.18142395333,,0.4383469526124617,-8.484695261246173,True,-11.404695261246161,True,586,1
2608750,54,0.6666666666666666,0.5618187332440228,PE,Nordeste,municipal,58.93,62.99,54.74,754.9826,24952,28599.27059955114,,0.43818126675597724,-2.7481266755977245,True,-6.808126675597727,True,587,1
5208509,15,0.6,0.5629597327201381,GO,Centro-Oeste,municipal,50.36,56.04,44.66,728.081,4986,42264.7412755716,0.228,0.4370402672798619,5.935973272013811,False,0.2559732720138115,False,588,1
5008008,36,0.4166666666666667,0.5633883584868143,MS,Centro-Oeste,municipal,63.66,66.78,60.42,752.5873,18139,74345.00248084238,,0.43661164151318566,-7.321164151318563,True,-10.441164151318567,True,589,1
3515400,21,0.8571428571428571,0.5639908214985284,SP,Sudeste,municipal,65.56,68.3,62.71,754.0492,16984,33348.73999057937,0.175,0.4360091785014716,-9.160917850147158,True,-11.900917850147152,True,590,1
3527306,94,0.44680851063829785,0.5641643463430811,SP,Sudeste,municipal,58.84,62.92,54.63,744.3532,54111,372467.9270388646,0.118,0.4358356536569189,-2.4235653656918927,True,-6.503565365691891,True,591,1
3171006,30,0.6,0.5646071449620343,MG,Sudeste,estadual,49.64,55.46,54.63,742.4027,20433,58883.13023050947,0.191,0.43539285503796565,6.820714496203436,False,1.000714496203436,False,592,1
3553856,11,0.36363636363636365,0.5647578010292007,SP,Sudeste,municipal,65.02,67.87,62.06,751.8556,7112,60884.98312710911,,0.4352421989707993,-8.544219897079927,True,-11.394219897079935,True,593,1
4103057,16,0.625,0.5661136103667684,PR,Sul,municipal,73.58,74.74,72.39,752.442,8034,27686.955439382626,,0.43388638963323156,-16.96863896332315,True,-18.128638963323148,True,594,1
1101484,7,0.2857142857142857,0.568361385922883,RO,Norte,municipal,57.76,62.05,53.34,748.6658,5605,31740.588760035684,0.284,0.431638614077117,-0.9238614077116978,True,-5.213861407711697,True,595,1
5105903,42,0.30952380952380953,0.5690140094915469,MT,Centro-Oeste,municipal,60.77,64.47,56.94,749.94,15753,94747.22275122198,0.267,0.4309859905084531,-3.8685990508453116,True,-7.568599050845307,True,596,1
4314068,1,0.0,0.5692403336323395,RS,Sul,municipal,80.0,80.0,85.26,763.4212,4036,35832.01189296333,0.367,0.4307596663676605,-23.075966636766047,True,-23.075966636766047,True,597,2
3550100,59,0.559322033898305,0.5699076304040355,SP,Sudeste,municipal,63.06,66.3,59.7,749.3551,38166,49517.29287847823,,0.43009236959596453,-6.069236959596452,True,-9.309236959596447,True,598,1
3533106,3,0.6666666666666666,0.5707483216232357,SP,Sudeste,municipal,68.83,70.92,66.67,743.3152,2188,21686.92870201097,0.272,0.42925167837676426,-11.755167837676424,True,-13.845167837676428,True,599,1
3523602,33,0.6363636363636364,0.5707885198701839,SP,Sudeste,municipal,62.57,65.91,59.11,752.272,16433,95556.07618815798,0.351,0.42921148012981614,-5.491148012981611,True,-8.831148012981608,True,600,1
3528403,78,0.3974358974358974,0.5708191824873956,SP,Sudeste,municipal,,55.2,56.21,746.7912,51660,56590.45683313976,,0.4291808175126044,,False,1.8819182487395594,False,601,1
3134004,12,0.5833333333333334,0.5713183484977603,MG,Sudeste,estadual,56.85,61.32,29.19,712.9613,13982,20284.15105135174,,0.4286816515022397,0.28183484977603257,False,-4.188165150223966,True,602,0
2109007,39,0.717948717948718,0.5720632378820876,MA,Nordeste,municipal,61.72,65.23,58.08,754.936,24517,51101.276665171106,,0.42793676211791243,-4.513676211791243,True,-8.023676211791248,True,603,1
4115507,6,0.16666666666666666,0.5731943770122905,PR,Sul,municipal,61.37,64.95,57.66,749.447,4778,28110.715780661365,0.317,0.4268056229877095,-4.050562298770949,True,-7.630562298770954,True,604,1
3539509,52,0.6346153846153846,0.5736215858700258,SP,Sudeste,municipal,65.71,68.42,62.9,755.3709,34416,53177.59181775918,,0.42637841412997424,-8.347841412997418,True,-11.057841412997426,True,605,1
3509502,1415,0.607773851590106,0.5738566135464233,SP,Sudeste,estadual,47.76,53.9,58.44,751.3349,1185977,77546.46843910127,0.277,0.42614338645357674,9.625661354642325,False,3.4856613546423247,False,606,1
4210001,30,0.6333333333333333,0.574329225575621,SC,Sul,estadual,80.0,80.0,55.22,741.1768,12126,93851.3936994887,,0.42567077442437895,-22.567077442437892,True,-22.567077442437892,True,607,1
4116505,1,0.0,0.5754716831003,PR,Sul,municipal,44.57,51.24,38.1,738.6929,1327,53683.49660889224,0.231,0.42452831689970005,12.977168310029995,False,6.307168310029994,False,608,1
5106273,7,0.7142857142857143,0.5760098230066617,MT,Centro-Oeste,municipal,65.77,68.47,62.97,759.3,3307,40110.67432718476,,0.4239901769933383,-8.169017699333828,True,-10.869017699333831,True,609,1
3133204,22,0.6818181818181818,0.5762293204904869,MG,Sudeste,municipal,47.22,53.45,41.07,732.816,11298,15823.86263055408,0.355,0.4237706795095131,10.402932049048694,False,4.17293204904869,False,610,0
3507456,11,0.5454545454545454,0.5769676976560405,SP,Sudeste,municipal,64.23,67.24,61.11,762.6019,2787,42501.6146393972,,0.4230323023439595,-6.533230234395951,True,-9.543230234395942,True,611,1
2613206,30,0.4666666666666667,0.5771963936117712,PE,Nordeste,municipal,63.98,67.04,60.81,747.9292,24772,15113.313418375585,0.471,0.4228036063882288,-6.260360638822874,True,-9.320360638822883,True,612,0
2615201,22,0.7727272727272727,0.5774170665192948,PE,Nordeste,municipal,64.99,67.85,62.03,744.6284,9221,13594.946318186747,,0.4225829334807052,-7.248293348070511,True,-10.10829334807051,True,613,0
4103479,8,0.75,0.5778011932447582,PR,Sul,municipal,59.73,63.64,55.7,745.8713,4561,43636.48322736242,,0.4221988067552418,-1.9498806755241773,True,-5.859880675524181,True,614,1
5107875,64,0.578125,0.5781416030606172,MT,Centro-Oeste,municipal,71.39,72.97,69.76,762.99,31499,203506.3652814375,,0.42185839693938276,-13.575839693938278,True,-15.155839693938276,True,615,1
3509908,17,0.5294117647058824,0.578552187874881,SP,Sudeste,municipal,67.33,69.71,64.85,753.3299,12489,26466.33037072624,,0.42144781212511895,-9.474781212511893,True,-11.854781212511888,True,616,1
5221858,338,0.5946745562130178,0.5785744159830044,GO,Centro-Oeste,municipal,60.56,64.3,56.69,740.9352,213506,16963.64504978783,0.369,0.4214255840169956,-2.7025584016995623,True,-6.442558401699557,True,617,0
4321493,2,0.0,0.5788559257330385,RS,Sul,municipal,80.0,80.0,100.0,792.9557,2598,31679.75365665897,0.253,0.42114407426696154,-22.114407426696154,True,-22.114407426696154,True,618,2
2100204,14,0.5,0.5795380377812714,MA,Nordeste,municipal,74.47,75.46,73.46,770.6495,18774,9068.978374347502,0.343,0.42046196221872856,-16.516196221872853,True,-17.506196221872848,True,619,2
4104204,258,0.5697674418604651,0.5795480791177812,PR,Sul,municipal,74.37,75.38,73.34,757.5647,142695,49548.98910263149,0.314,0.42045192088221883,-16.415192088221886,True,-17.425192088221877,True,620,1
3106705,686,0.5597667638483965,0.5804202537692521,MG,Sudeste,municipal,58.25,62.45,53.93,743.7451,429236,122576.68275727106,0.431,0.4195797462307479,-0.2079746230747901,True,-4.407974623074793,True,621,1
4103602,32,0.46875,0.5807360327084148,PR,Sul,municipal,65.41,68.18,62.53,748.1364,23430,42061.971830985916,0.237,0.4192639672915852,-7.3363967291585155,True,-10.106396729158526,True,622,1
4215307,19,0.631578947368421,0.5814117201150912,SC,Sul,municipal,78.29,78.59,78.0,762.6252,7643,50170.48279471412,0.189,0.41858827988490876,-20.14882798849088,True,-20.448827988490876,True,623,1
4217758,5,0.6,0.5822375126596153,SC,Sul,municipal,76.76,77.33,76.19,755.9165,2894,42715.96406357982,,0.4177624873403847,-18.536248734038473,True,-19.106248734038466,True,624,2
3534104,7,0.14285714285714285,0.5833518034907547,SP,Sudeste,municipal,62.91,66.18,59.52,756.8535,6180,31404.368932038837,0.251,0.41664819650924534,-4.574819650924532,True,-7.844819650924542,True,625,1
1100601,10,0.7,0.583377385760931,RO,Norte,municipal,58.84,62.92,54.63,738.6521,4345,55003.222094361336,,0.416622614239069,-0.5022614239069014,True,-4.5822614239069,True,626,1
3505104,15,0.6666666666666666,0.5837952556026458,SP,Sudeste,municipal,67.3,69.69,64.82,755.0094,5659,33031.100901219295,0.268,0.4162047443973542,-8.920474439735422,True,-11.310474439735422,True,627,1
4116307,11,0.5454545454545454,0.5845878535839895,PR,Sul,municipal,57.66,61.98,53.23,751.2884,4045,43674.412855377006,,0.41541214641601054,0.7987853583989519,False,-3.5212146416010484,True,628,1
3502804,271,0.6309963099630996,0.5852690683447962,SP,Sudeste,municipal,68.1,70.33,65.78,756.607,207775,55144.94044038022,0.2,0.4147309316552038,-9.573093165520376,True,-11.80309316552038,True,629,1
4312203,4,0.0,0.5854269929109163,RS,Sul,municipal,80.0,80.0,93.75,771.024,4258,37479.56787224049,,0.41457300708908373,-21.45730070890837,True,-21.45730070890837,True,630,2
5106190,18,0.5,0.585565708113897,MT,Centro-Oeste,municipal,79.33,79.45,79.22,782.58,4431,109183.25434439178,,0.41443429188610303,-20.7734291886103,True,-20.893429188610305,True,631,1
4101101,26,0.4230769230769231,0.5856012977370989,PR,Sul,municipal,67.47,69.82,65.02,753.6411,20044,42964.128916383954,,0.4143987022629011,-8.90987022629011,True,-11.259870226290104,True,632,1
1100254,34,0.6764705882352942,0.5862789216854928,RO,Norte,municipal,65.31,68.1,62.41,754.2629,20518,37834.14562822887,,0.4137210783145072,-6.682107831450722,True,-9.472107831450714,True,633,1
3550803,13,0.7692307692307693,0.5865742680880521,SP,Sudeste,municipal,67.26,69.66,64.77,756.386,10484,45962.99122472339,0.178,0.41342573191194787,-8.602573191194793,True,-11.002573191194784,True,634,1
3531506,34,0.4117647058823529,0.5870476050979513,SP,Sudeste,municipal,74.01,75.09,72.91,771.89,18363,52170.887109949355,0.333,0.4129523949020487,-15.305239490204876,True,-16.385239490204874,True,635,1
2102408,11,0.45454545454545453,0.5871895717285536,MA,Nordeste,municipal,68.3,70.49,66.03,769.4792,10342,7907.077934635467,,0.41281042827144643,-9.581042827144643,True,-11.77104282714464,True,636,2
4216909,62,0.6290322580645161,0.5873338553937868,SC,Sul,municipal,72.76,74.08,71.41,757.3615,25770,71535.62281722933,,0.4126661446062132,-14.026614460621325,True,-15.346614460621318,True,637,1
3527405,21,0.6666666666666666,0.5873950425660446,SP,Sudeste,municipal,67.06,69.5,64.53,759.3401,20372,29455.5271941881,0.131,0.4126049574339554,-8.320495743395547,True,-10.760495743395545,True,638,1
2602100,60,0.5166666666666667,0.5876603104075281,PE,Nordeste,municipal,63.29,66.49,59.98,752.9412,46192,17355.191375129893,0.582,0.4123396895924719,-4.523968959247192,True,-7.723968959247188,True,639,0
3536208,25,0.64,0.5878270440120454,SP,Sudeste,municipal,67.0,69.45,64.45,755.1581,19576,38470.422966898244,,0.41217295598795456,-8.21729559879546,True,-10.667295598795462,True,640,1
1300631,48,0.5625,0.587924108501841,AM,Norte,municipal,,,91.72,781.8371,22136,11841.389591615469,,0.41207589149815904,,False,,False,641,2
3138005,3,0.6666666666666666,0.5893406856906624,MG,Sudeste,municipal,46.49,52.84,40.25,732.0611,6042,19231.214829526645,,0.41065931430933755,12.44406856906624,False,6.094068569066238,False,642,0
2208106,17,0.4117647058823529,0.5896745877366812,PI,Nordeste,municipal,63.73,66.84,60.51,760.6756,11528,10431.731436502429,,0.41032541226331876,-4.762541226331869,True,-7.872541226331876,True,643,2
2516607,10,0.7,0.5897360392643296,PB,Nordeste,municipal,75.99,76.69,75.27,775.6992,14464,11568.929756637168,,0.4102639607356704,-17.016396073567037,True,-17.71639607356704,True,644,2
1100338,74,0.4189189189189189,0.5897792963698195,RO,Norte,municipal,65.81,68.5,63.02,754.3625,28496,37218.06569343065,0.439,0.4102207036301805,-6.8320703630180475,True,-9.522070363018045,True,645,1
2508000,11,0.5454545454545454,0.5906015480272087,PB,Nordeste,municipal,68.31,70.5,66.04,763.5472,9410,11798.299681190223,,0.40939845197279134,-9.249845197279136,True,-11.439845197279134,True,646,2
2500809,14,0.5714285714285714,0.5906046650708126,PB,Nordeste,municipal,66.65,69.17,64.03,764.1987,17012,13702.856806959793,0.457,0.40939533492918745,-7.589533492918747,True,-10.109533492918743,True,647,2
5108303,8,0.375,0.5908752338436345,MT,Centro-Oeste,municipal,63.63,66.75,60.38,757.17,3897,154384.6548627149,,0.4091247661563655,-4.542476615636552,True,-7.66247661563655,True,648,1
3170529,12,0.9166666666666666,0.5910734470704837,MG,Sudeste,municipal,60.76,64.46,56.93,745.9802,18291,12622.983981192936,0.391,0.4089265529295163,-1.6526552929516285,True,-5.352655292951624,True,649,0
4114906,20,0.75,0.5914606765068859,PR,Sul,municipal,73.34,74.54,72.1,756.3281,8774,58156.82698883064,,0.40853932349311406,-14.19393234931141,True,-15.393932349311413,True,650,1
3306156,13,0.6923076923076923,0.5927119560428487,RJ,Sudeste,municipal,,80.0,92.37,775.515,10559,38631.97272468984,0.263,0.40728804395715135,,False,-20.728804395715137,True,651,2
2605152,24,0.7916666666666666,0.5927201090458827,PE,Nordeste,municipal,67.39,69.76,64.93,747.7276,17749,17570.229308693448,0.476,0.4072798909541173,-8.11798909541173,True,-10.487989095411734,True,652,0
3550902,18,0.7222222222222222,0.5927255834656662,SP,Sudeste,estadual,65.66,68.38,63.64,749.8678,13590,47688.88888888889,0.206,0.4072744165343338,-6.3874416534333776,True,-9.107441653433376,True,653,1
4127957,15,0.5333333333333333,0.5927410134685815,PR,Sul,municipal,72.18,73.61,70.71,759.6979,8204,63434.54412481716,0.203,0.40725898653141845,-12.905898653141854,True,-14.335898653141847,True,654,1
3158706,3,1.0,0.5927449448627855,MG,Sudeste,municipal,52.65,57.92,47.32,744.4202,2175,22217.011494252874,0.441,0.4072550551372145,6.62449448627855,False,1.354494486278547,False,655,0
5204508,156,0.6346153846153846,0.5927571994400422,GO,Centro-Oeste,municipal,62.34,65.72,58.83,743.9063,104788,36092.14795587281,0.209,0.40724280055995776,-3.0642800559957806,True,-6.444280055995776,True,656,1
4107108,7,1.0,0.5932627750994712,PR,Sul,municipal,74.08,75.14,72.99,755.2315,5164,80157.43609604957,,0.40673722490052877,-14.753722490052873,True,-15.813722490052875,True,657,1
4214300,5,0.8,0.5939188037125165,SC,Sul,municipal,73.86,74.97,72.73,757.1565,3435,66347.01601164484,0.165,0.4060811962874835,-14.468119628748354,True,-15.578119628748354,True,658,1
4115606,47,0.5531914893617021,0.5940736584958561,PR,Sul,municipal,74.52,75.5,73.52,755.6837,19022,75744.66407317843,,0.40592634150414386,-15.11263415041438,True,-16.092634150414383,True,659,1
3502606,5,0.4,0.5943820046029314,SP,Sudeste,municipal,69.19,71.2,67.1,755.8049,4124,54751.21241513094,0.249,0.40561799539706855,-9.751799539706852,True,-11.761799539706857,True,660,1
4315131,1,1.0,0.5944069352747103,RS,Sul,municipal,80.0,80.0,92.31,782.3814,1773,32658.770445572474,,0.40559306472528966,-20.559306472528966,True,-20.559306472528966,True,661,2
4112603,5,1.0,0.5945197174304143,PR,Sul,municipal,54.93,59.77,50.0,747.8994,1353,58373.24464153733,0.255,0.4054802825695857,4.5219717430414335,False,-0.31802825695856995,True,662,1
4208401,37,0.8108108108108109,0.5945256156760532,SC,Sul,municipal,72.9,74.19,71.58,753.6581,17149,79885.06618461719,0.137,0.4054743843239468,-13.447438432394684,True,-14.737438432394676,True,663,1
3130051,14,0.7142857142857143,0.594646228335159,MG,Sudeste,estadual,58.3,62.49,53.01,743.7702,10912,11600.439882697947,0.415,0.405353771664841,1.1646228335159066,False,-3.0253771664840983,True,664,0
3160207,8,0.625,0.5948026010899224,MG,Sudeste,municipal,52.34,57.67,46.96,738.4176,3979,14914.048755968837,,0.40519739891007756,7.140260108992244,False,1.8102601089922459,False,665,0
4218954,13,0.23076923076923078,0.5960109641122745,SC,Sul,municipal,80.0,80.0,80.15,756.3595,2735,48208.40950639854,,0.4039890358877255,-20.398903588772548,True,-20.398903588772548,True,666,2
1100403,26,0.5,0.5961574235763875,RO,Norte,municipal,64.58,67.51,61.53,760.2893,17463,38247.89555059268,0.326,0.40384257642361254,-4.964257642361254,True,-7.894257642361261,True,667,1
2105427,44,0.5227272727272727,0.5969539677429985,MA,Nordeste,municipal,79.93,79.94,79.92,775.2877,22934,29977.93668788698,0.467,0.40304603225700153,-20.234603225700162,True,-20.244603225700153,True,668,2
5106455,6,1.0,0.5978788531844523,MT,Centro-Oeste,municipal,62.17,65.58,58.62,760.09,3287,90069.97261940979,,0.40212114681554767,-2.382114681554768,True,-5.792114681554764,True,669,1
3146255,10,0.8,0.5984886721165954,MG,Sudeste,municipal,52.45,57.76,47.09,737.683,5085,13460.766961651918,,0.4015113278834046,7.398867211659535,False,2.08886721165954,False,670,0
3147402,41,0.5853658536585366,0.5988053451397943,MG,Sudeste,municipal,53.95,58.98,48.84,741.5365,24800,44682.782258064515,0.298,0.40119465486020567,5.930534513979431,False,0.9005345139794372,False,671,1
3556404,51,0.5686274509803921,0.5994904556265421,SP,Sudeste,municipal,71.16,72.78,69.48,760.1633,41226,34726.67733954301,0.371,0.40050954437345787,-11.210954437345784,True,-12.830954437345788,True,672,1
4125704,46,0.6739130434782609,0.6005612012175526,PR,Sul,municipal,74.57,75.54,73.58,754.6173,30198,49155.97059407908,0.197,0.39943879878244737,-14.51387987824473,True,-15.483879878244743,True,673,1
4113700,849,0.6171967020023557,0.6006975025312901,PR,Sul,municipal,74.82,75.74,73.87,759.754,577318,48499.331391018466,0.32,0.39930249746870994,-14.750249746870985,True,-15.670249746870986,True,674,1
4202701,12,0.75,0.6009783895622526,SC,Sul,municipal,71.04,72.68,69.33,756.6249,5623,98557.5315667793,0.165,0.3990216104377474,-10.942161043774746,True,-12.582161043774747,True,675,1
3529500,8,1.0,0.6011211896221857,SP,Sudeste,municipal,71.55,73.1,69.95,754.9347,6369,93224.21102213848,0.248,0.39887881037781425,-11.437881037781423,True,-12.98788103778142,True,676,1
4204103,7,0.5714285714285714,0.6014144697186535,SC,Sul,municipal,71.21,72.82,69.54,754.8766,4732,52481.82586644125,,0.39858553028134647,-11.068553028134637,True,-12.678553028134637,True,677,1
3556107,21,0.8571428571428571,0.6015618320627469,SP,Sudeste,municipal,69.19,71.2,67.1,762.8183,14531,38927.327781983346,,0.39843816793725306,-9.033816793725308,True,-11.043816793725313,True,678,1
5201801,25,0.72,0.6015847179909515,GO,Centro-Oeste,municipal,59.12,63.15,54.97,742.6603,12554,18949.2592002549,0.389,0.3984152820090485,1.0384717990951486,False,-2.9915282009048525,True,679,0
3132107,26,0.7307692307692307,0.6016858705648931,MG,Sudeste,municipal,54.5,59.42,49.49,741.1214,17521,16714.228639917812,0.39,0.3983141294351069,5.668587056489308,False,0.7485870564893062,False,680,0
2101103,20,0.65,0.6026813432462654,MA,Nordeste,municipal,80.0,80.0,81.88,780.2287,12079,9779.865882937329,0.493,0.39731865675373457,-19.731865675373456,True,-19.731865675373456,True,681,2
3510906,6,0.8333333333333334,0.6030013934380719,SP,Sudeste,municipal,69.29,71.28,67.22,763.3022,2855,107200.0,,0.3969986065619281,-8.989860656192818,True,-10.979860656192812,True,682,1
1101559,2,0.0,0.6031979086121553,RO,Norte,municipal,73.21,74.44,71.95,762.7594,4536,34485.449735449736,0.338,0.3968020913878447,-12.890209138784464,True,-14.120209138784467,True,683,2
3540309,4,0.25,0.6034184543942616,SP,Sudeste,municipal,72.78,74.09,71.43,764.0297,2415,63146.583850931675,0.202,0.39658154560573844,-12.438154560573842,True,-13.748154560573845,True,684,1
3538808,47,0.5531914893617021,0.6035802562354184,SP,Sudeste,municipal,67.22,69.62,64.72,752.9726,30261,35974.65384488285,0.187,0.39641974376458156,-6.861974376458157,True,-9.261974376458163,True,685,1
2506251,3,0.6666666666666666,0.6036284480975218,PB,Nordeste,municipal,78.52,78.77,78.26,781.055,8395,12126.384752829064,0.59,0.3963715519024782,-18.157155190247813,True,-18.407155190247813,True,686,2
5203575,6,0.6666666666666666,0.6047235403326581,GO,Centro-Oeste,municipal,54.0,59.02,48.9,738.5961,3306,85388.38475499093,0.262,0.39527645966734193,6.472354033265809,False,1.4523540332658058,False,687,1
3147501,5,0.8,0.605146004747303,MG,Sudeste,municipal,,80.0,35.29,740.1365,1617,18554.112554112555,0.337,0.39485399525269704,,False,-19.485399525269706,True,688,0
4126801,23,0.6521739130434783,0.6053839157026357,PR,Sul,municipal,71.09,72.72,69.39,754.1815,16255,44979.57551522608,,0.3946160842973643,-10.551608429736433,True,-12.181608429736428,True,689,1
4112405,6,0.8333333333333334,0.6056168969040842,PR,Sul,municipal,74.44,75.43,73.42,762.1406,9354,47242.57002351935,0.264,0.39438310309591584,-13.878310309591583,True,-14.868310309591592,True,690,1
4209805,2,1.0,0.6057440976969403,SC,Sul,municipal,75.76,76.51,75.0,754.6501,3381,50169.18071576457,0.276,0.39425590230305974,-15.185590230305976,True,-15.935590230305976,True,691,1
2100154,18,0.6666666666666666,0.6064918658424177,MA,Nordeste,municipal,69.35,71.33,67.29,757.124,12446,10505.061867266591,0.631,0.39350813415758235,-8.700813415758226,True,-10.68081341575823,True,692,0
4202578,1,1.0,0.6067529704556296,SC,Sul,municipal,74.35,75.36,73.31,758.4104,2234,46361.68307967771,0.204,0.3932470295443704,-13.674702954437038,True,-14.684702954437043,True,693,1
3102209,7,0.8571428571428571,0.607110250780906,MG,Sudeste,municipal,45.84,52.3,39.52,734.7779,4012,16186.19142572283,0.359,0.39288974921909403,14.871025078090597,False,8.411025078090603,False,694,0
4122651,11,0.8181818181818182,0.6073420913281199,PR,Sul,municipal,71.09,72.73,69.4,760.2286,5491,30347.477690766707,,0.3926579086718801,-10.355790867188013,True,-11.995790867188013,True,695,2
3541307,50,0.6,0.6079381119943312,SP,Sudeste,municipal,53.56,58.66,48.39,736.1062,40383,37683.233043607455,0.249,0.39206188800566877,7.23381119943312,False,2.1338111994331257,False,696,1
3120151,10,0.4,0.6086310459274308,MG,Sudeste,municipal,57.46,61.81,52.99,745.8511,5296,17428.625377643504,0.506,0.3913689540725692,3.4031045927430768,False,-0.9468954072569247,True,697,0
4121703,47,0.7446808510638298,0.6086649982159144,PR,Sul,municipal,73.98,75.06,72.87,760.0019,24851,30758.15862540743,0.358,0.39133500178408565,-13.113500178408572,True,-14.19350017840857,True,698,2
1100924,25,0.68,0.6086733113706058,RO,Norte,municipal,80.0,80.0,80.72,783.8009,10129,66540.62592556028,,0.39132668862939424,-19.132668862939425,True,-19.132668862939425,True,699,2
4110201,25,0.64,0.6087958621522345,PR,Sul,municipal,74.45,75.44,73.43,756.5224,9633,25947.160801411814,0.389,0.39120413784776553,-13.570413784776555,True,-14.56041378477655,True,700,2
3143708,5,0.8,0.6109162314596891,MG,Sudeste,municipal,,65.33,,,3174,17669.50220541903,0.443,0.3890837685403109,,False,-4.238376854031088,True,701,2
2209377,4,0.25,0.6121595650627325,PI,Nordeste,municipal,64.16,67.18,61.02,760.9445,4690,13527.71855010661,0.438,0.3878404349372675,-2.9440434937267455,True,-5.964043493726756,True,702,2
3540507,11,0.6363636363636364,0.6125892844452117,SP,Sudeste,municipal,71.51,73.06,69.9,758.1503,10773,28701.383087348,,0.38741071555478834,-10.251071555478838,True,-11.801071555478835,True,703,2
2509008,10,0.5,0.6133465998999009,PB,Nordeste,estadual,80.0,80.0,38.89,724.6525,10700,10283.55140186916,,0.3866534001000991,-18.665340010009906,True,-18.665340010009906,True,704,0
1715150,2,1.0,0.6137305135427928,TO,Norte,municipal,72.98,74.25,71.67,767.6664,1841,20973.384030418252,,0.38626948645720716,-11.60694864572072,True,-12.876948645720717,True,705,2
4200200,18,0.8333333333333334,0.6137715987987412,SC,Sul,municipal,80.0,80.0,81.23,761.3282,11491,43173.78818205552,,0.3862284012012588,-18.62284012012588,True,-18.62284012012588,True,706,2
3117876,14,0.6428571428571429,0.615940152183567,MG,Sudeste,municipal,57.07,61.49,52.52,748.3602,7676,210658.8066701407,0.173,0.384059847816433,4.524015218356702,False,0.10401521835670025,False,707,1
2207108,2,1.0,0.6161151766752992,PI,Nordeste,municipal,65.38,68.16,62.5,759.0259,2725,14071.926605504586,0.33,0.38388482332470075,-3.7684823324700716,True,-6.548482332470073,True,708,2
3141108,70,0.7,0.6168577545759164,MG,Sudeste,municipal,52.79,58.03,47.48,738.7988,39291,48240.71670357079,0.29,0.3831422454240836,8.89577545759164,False,3.6557754575916377,False,709,1
3529708,28,0.39285714285714285,0.617227957633348,SP,Sudeste,municipal,66.88,69.35,64.31,768.4233,19655,56631.79852454846,0.285,0.38277204236665197,-5.157204236665194,True,-7.627204236665193,True,710,1
3140001,116,0.5775862068965517,0.6188810348146151,MG,Sudeste,municipal,58.12,62.34,53.77,744.2222,64058,72698.89787380186,0.277,0.3811189651853849,3.768103481461509,False,-0.4518965185384971,True,711,1
1100189,78,0.8076923076923077,0.6189784725578085,RO,Norte,municipal,71.37,72.95,69.73,762.4062,39053,54396.33318823138,0.249,0.38102152744219153,-9.472152744219159,True,-11.052152744219157,True,712,1
3529401,567,0.7231040564373897,0.619219993588881,SP,Sudeste,estadual,51.29,56.81,64.23,760.3227,429380,58225.18980856118,0.39,0.380780006411119,10.631999358888102,False,5.111999358888099,False,713,1
2708204,12,0.9166666666666666,0.6193934892232382,AL,Nordeste,municipal,69.26,71.26,67.19,756.7788,6557,18901.021808754,,0.3806065107767618,-7.320651077676182,True,-9.320651077676182,True,714,2
4201208,21,0.6666666666666666,0.6197003746267187,SC,Sul,municipal,75.32,76.15,74.47,760.4576,12118,95980.52483908235,0.15,0.3802996253732813,-13.349962537328125,True,-14.179962537328137,True,715,1
3153608,9,0.6666666666666666,0.6199685235905394,MG,Sudeste,estadual,57.41,61.77,47.63,735.4292,11940,27891.289782244556,0.285,0.38003147640946056,4.58685235905395,False,0.22685235905394308,False,716,1
4208609,8,0.75,0.6201237369376471,SC,Sul,municipal,74.82,75.75,73.88,757.3908,4435,53431.792559188274,0.231,0.3798762630623529,-12.807626306235285,True,-13.737626306235292,True,717,1
3170503,25,0.76,0.6203216746426748,MG,Sudeste,municipal,59.62,63.54,55.56,755.4618,10875,32748.22988505747,,0.37967832535732515,2.4121674642674904,False,-1.5078325357325113,True,718,1
4116901,38,0.7105263157894737,0.6209000704524924,PR,Sul,municipal,75.03,75.92,74.13,757.2889,27142,46182.96367253703,0.211,0.3790999295475076,-12.939992954750764,True,-13.829992954750765,True,719,1
3166709,12,0.4166666666666667,0.6210068247107745,MG,Sudeste,municipal,56.46,61.01,51.8,741.6849,6936,22935.265282583623,0.443,0.3789931752892255,5.640682471077447,False,1.09068247107745,False,720,0
3169208,4,0.5,0.6211521038963675,MG,Sudeste,municipal,60.67,64.39,56.82,748.9727,8699,19318.542361190943,0.339,0.37884789610363245,1.445210389636756,False,-2.274789610363243,True,721,1
3504107,241,0.6265560165975104,0.6217196846982385,SP,Sudeste,municipal,72.05,73.5,70.55,763.927,166043,56771.9446167559,0.203,0.37828031530176154,-9.878031530176152,True,-11.328031530176155,True,722,1
3117504,29,0.7241379310344828,0.6220144970521136,MG,Sudeste,municipal,62.26,65.66,58.74,754.6624,24254,131706.15156262883,,0.37798550294788635,-0.05855029478863116,True,-3.4585502947886297,True,723,1
2105963,22,0.9545454545454546,0.6220918425440239,MA,Nordeste,municipal,80.0,80.0,81.68,794.9209,11710,10998.377455166525,0.723,0.37790815745597606,-17.790815745597605,True,-17.790815745597605,True,724,2
3116159,37,0.7297297297297297,0.6225108992902479,MG,Sudeste,municipal,54.23,59.2,49.17,736.5995,12810,45365.88602654176,,0.37748910070975206,8.021089929024797,False,3.0510899290247906,False,725,1
3109303,37,0.6756756756756757,0.6226278586667467,MG,Sudeste,municipal,56.75,61.24,52.14,742.5957,24693,58564.73494512615,,0.37737214133325325,5.512785866674676,False,1.022785866674674,False,726,1
4100459,7,0.7142857142857143,0.6230215124261047,PR,Sul,municipal,79.21,79.35,79.08,757.5531,3543,32602.03217612193,0.333,0.3769784875738953,-16.907848757389523,True,-17.047848757389524,True,727,2
3531308,57,0.49122807017543857,0.6233178340001411,SP,Sudeste,municipal,69.16,71.18,67.07,762.0842,48725,62858.53258081067,,0.37668216599985893,-6.828216599985893,True,-8.848216599985903,True,728,1
3515301,2,1.0,0.6233314079377876,SP,Sudeste,municipal,74.08,75.14,72.99,757.5596,2749,25351.764277919243,,0.37666859206221237,-11.746859206221238,True,-12.80685920622124,True,729,2
3101607,96,0.6770833333333334,0.6234789327571322,MG,Sudeste,municipal,62.52,65.87,59.05,751.209,81950,44782.172056131785,,0.3765210672428678,-0.17210672428678464,True,-3.522106724286786,True,730,1
3546801,96,0.6458333333333334,0.6235948982065636,SP,Sudeste,municipal,73.45,74.63,72.24,764.9766,54586,42099.82413072949,0.249,0.37640510179343645,-11.090510179343646,True,-12.270510179343638,True,731,1
2602209,37,0.7297297297297297,0.6237366521259611,PE,Nordeste,municipal,64.09,67.12,60.94,757.9271,39278,10668.618565100056,0.374,0.3762633478740389,-1.7163347874038948,True,-4.746334787403896,True,732,2
5000203,50,0.56,0.6238131937510587,MS,Centro-Oeste,municipal,71.75,73.26,70.19,765.9648,17647,87529.495098317,0.279,0.3761868062489413,-9.368680624894132,True,-10.878680624894137,True,733,1
3107505,18,0.6666666666666666,0.6241624729604133,MG,Sudeste,municipal,52.98,58.19,47.71,732.4296,6968,21877.870264064295,0.319,0.3758375270395867,9.43624729604133,False,4.226247296041329,False,734,0
3133600,31,0.7419354838709677,0.6252490817701934,MG,Sudeste,municipal,56.63,61.14,52.0,743.8018,13332,127430.76807680768,0.163,0.37475091822980655,5.894908177019339,False,1.3849081770193408,False,735,1
4112306,9,0.4444444444444444,0.6258164473754155,PR,Sul,municipal,76.34,76.98,75.69,756.2353,5060,33584.98023715415,,0.37418355262458447,-13.758355262458451,True,-14.398355262458452,True,736,2
3520004,39,0.8461538461538461,0.6263868684497104,SP,Sudeste,municipal,70.4,72.17,68.56,766.2159,23430,20400.170721297483,0.349,0.37361313155028963,-7.761313155028972,True,-9.531313155028968,True,737,2
3140704,72,0.6805555555555556,0.6264452886773746,MG,Sudeste,municipal,60.63,64.35,56.77,750.744,40239,27237.10827803872,0.221,0.3735547113226254,2.0145288677374538,False,-1.705471132262538,True,738,1
3107109,65,0.7076923076923077,0.6283543156819142,MG,Sudeste,municipal,58.17,62.38,53.83,737.6018,41332,34202.651698441885,0.293,0.37164568431808576,4.665431568191423,False,0.45543156819142183,False,739,1
3504206,17,0.5294117647058824,0.6284451195023747,SP,Sudeste,municipal,70.43,72.2,68.6,763.2426,13873,31973.761983709363,0.218,0.3715548804976253,-7.585488049762539,True,-9.355488049762535,True,740,1
5214903,3,0.3333333333333333,0.6290597795648847,GO,Centro-Oeste,municipal,64.38,67.36,61.29,734.8754,3053,26501.801506714706,,0.3709402204351153,-1.4740220435115248,True,-4.454022043511529,True,741,1
2611804,31,0.6129032258064516,0.6294026620473316,PE,Nordeste,municipal,64.61,67.54,61.57,756.9955,34255,17563.83009779594,0.46,0.37059733795266836,-1.6697337952668363,True,-4.599733795266843,True,742,2
2605806,10,0.7,0.6295433578293569,PE,Nordeste,municipal,69.96,71.82,68.03,751.7687,14070,10805.40156361052,,0.3704566421706431,-7.005664217064307,True,-8.865664217064307,True,743,2
3138682,9,0.8888888888888888,0.6300455673978329,MG,Sudeste,municipal,54.93,59.77,50.0,737.5379,6329,13030.178543213779,0.392,0.3699544326021671,8.07455673978329,False,3.2345567397832866,False,744,0
4101606,64,0.609375,0.6307531924960091,PR,Sul,municipal,76.12,76.8,75.42,754.3557,26310,62064.57620676549,0.324,0.36924680750399086,-13.044680750399088,True,-13.72468075039908,True,745,1
5107925,302,0.7615894039735099,0.6311250073386715,MT,Centro-Oeste,municipal,79.21,79.35,79.08,781.08,120985,113640.17853452907,0.22,0.3688749926613285,-16.097499266132843,True,-16.237499266132843,True,746,1
3105400,51,0.5490196078431373,0.6312995934222894,MG,Sudeste,municipal,62.28,65.68,58.76,752.6837,32095,48205.951082723164,0.261,0.36870040657771064,0.8499593422289351,False,-2.5500406577710706,True,747,1
3544707,4,0.75,0.6313215549395832,SP,Sudeste,municipal,71.82,73.32,70.28,750.3851,2519,28830.885271933308,0.176,0.3686784450604168,-8.687844506041671,True,-10.187844506041671,True,748,1
5208004,178,0.5224719101123596,0.631408177297888,GO,Centro-Oeste,municipal,66.03,68.67,63.28,749.1132,120478,32522.443931672173,0.213,0.368591822702112,-2.889182270211201,True,-5.5291822702112015,True,749,1
4210506,58,0.5862068965517241,0.6315085144958227,SC,Sul,estadual,80.0,80.0,87.15,775.4966,30155,82879.22400928536,,0.3684914855041773,-16.84914855041773,True,-16.84914855041773,True,750,1
3108701,7,0.8571428571428571,0.6317979992411897,MG,Sudeste,municipal,58.04,62.28,53.68,756.2158,4314,13995.363931386184,,0.36820200075881027,5.139799924118975,False,0.8997999241189731,False,751,2
2109239,5,0.4,0.632131902288491,MA,Nordeste,municipal,76.15,76.82,75.46,771.4509,4748,15688.289806234205,0.44,0.36786809771150897,-12.936809771150905,True,-13.606809771150893,True,752,2
3157401,6,0.8333333333333334,0.6326600898542996,MG,Sudeste,municipal,58.77,62.87,54.55,742.5184,4743,19045.119122917986,0.418,0.36733991014570044,4.4960089854299525,False,0.3960089854299582,False,753,0
4219408,8,0.75,0.6327539368281527,SC,Sul,municipal,79.97,79.97,79.96,758.914,4451,44448.21388452033,,0.36724606317184727,-16.69460631718473,True,-16.69460631718473,True,754,2
3102605,54,0.6481481481481481,0.633175968237281,MG,Sudeste,municipal,60.22,64.03,56.29,746.5623,42282,35079.82120051086,,0.36682403176271905,3.0975968237280966,False,-0.7124031762719056,True,755,1
3200508,10,0.5,0.6335065365503465,ES,Sudeste,municipal,61.98,65.44,58.4,743.286,7474,19643.296762108643,0.236,0.3664934634496535,1.3706536550346513,False,-2.0893463449653495,True,756,1
3154408,5,0.8,0.6335470066846208,MG,Sudeste,municipal,59.64,63.56,55.59,742.2007,4641,109250.59254471019,0.286,0.36645299331537917,3.714700668462079,False,-0.20529933153792257,True,757,1
5103601,13,0.6923076923076923,0.6337591029434463,MT,Centro-Oeste,municipal,80.0,80.0,88.28,789.44,7915,91577.25837018319,0.337,0.3662408970565537,-16.624089705655372,True,-16.624089705655372,True,758,2
4219101,4,0.0,0.6338556845278069,SC,Sul,municipal,80.0,80.0,80.87,761.5036,3716,81225.51130247577,0.234,0.36614431547219306,-16.614431547219304,True,-16.614431547219304,True,759,1
3506300,9,0.2222222222222222,0.6341940602361057,SP,Sudeste,municipal,70.21,72.02,68.33,769.2366,11852,51088.33952075599,0.279,0.3658059397638943,-6.790593976389424,True,-8.600593976389426,True,760,1
4103503,22,0.7272727272727273,0.634242950256401,PR,Sul,municipal,80.0,80.0,81.85,760.9396,8921,28135.747113552294,0.2,0.365757049743599,-16.5757049743599,True,-16.5757049743599,True,761,2
2612307,21,0.8095238095238095,0.6347137132321539,PE,Nordeste,municipal,61.72,65.23,58.09,756.0296,14173,17769.985183094617,0.466,0.36528628676784614,1.7513713232153876,False,-1.7586286767846175,True,762,2
3138658,16,0.5625,0.6351932800811391,MG,Sudeste,municipal,66.64,69.16,64.02,755.0864,8968,12350.914362176629,0.387,0.36480671991886093,-3.1206719918860912,True,-5.640671991886087,True,763,2
1101203,7,0.7142857142857143,0.636757591708647,RO,Norte,municipal,73.67,74.81,72.5,785.6432,6657,66138.20039056632,0.213,0.363242408291353,-9.9942408291353,True,-11.134240829135301,True,764,1
3205036,27,0.6666666666666666,0.6369509711346008,ES,Sudeste,municipal,72.36,73.75,70.93,755.1656,20353,25714.833194123716,0.281,0.36304902886539925,-8.664902886539927,True,-10.054902886539928,True,765,1
3120508,18,0.7777777777777778,0.6380287240779424,MG,Sudeste,municipal,59.84,63.72,55.83,753.3952,10627,29808.318434177098,0.288,0.3619712759220576,3.9628724077942366,False,0.0828724077942411,False,766,1
2509057,32,0.21875,0.6381005942718265,PB,Nordeste,municipal,70.7,72.42,68.93,767.9921,9435,13072.178060413355,,0.3618994057281735,-6.889940572817352,True,-8.60994057281735,True,767,2
4114609,124,0.717741935483871,0.6396646087484947,PR,Sul,municipal,76.01,76.71,75.3,759.0326,58140,67406.38114895081,,0.36033539125150527,-12.04353912515053,True,-12.74353912515052,True,768,1
3126000,14,0.7142857142857143,0.6411598529792745,MG,Sudeste,municipal,60.94,64.61,57.15,755.1801,8386,21811.233007393275,0.231,0.35884014702072553,3.175985297927454,False,-0.4940147020725476,True,769,1
3150802,24,0.6666666666666666,0.6412539029477392,MG,Sudeste,municipal,63.43,66.59,60.14,746.3572,17360,14583.870967741936,0.344,0.3587460970522608,0.6953902947739223,False,-2.4646097052260814,True,770,2
3126901,25,0.48,0.6425307843690647,MG,Sudeste,municipal,57.56,61.89,53.11,743.6368,8334,20819.414446844254,,0.35746921563093526,6.693078436906475,False,2.363078436906477,False,771,1
3142700,23,0.7391304347826086,0.6430924756983818,MG,Sudeste,municipal,53.65,58.73,48.49,743.6216,14160,14616.101694915254,0.363,0.3569075243016182,10.659247569838179,False,5.579247569838181,False,772,0
2103901,24,0.625,0.643293542167725,MA,Nordeste,municipal,71.09,72.72,69.39,782.2487,10448,10408.499234303215,,0.35670645783227495,-6.760645783227503,True,-8.390645783227498,True,773,2
3104700,15,0.4666666666666667,0.6438518707047826,MG,Sudeste,municipal,69.2,71.21,67.11,754.3683,13967,18593.54192024057,0.396,0.35614812929521744,-4.81481292952175,True,-6.824812929521741,True,774,2
2613602,33,0.7575757575757576,0.6439567050239885,PE,Nordeste,municipal,69.54,71.48,67.52,754.883,32491,14509.433381551815,0.412,0.3560432949760115,-5.144329497601163,True,-7.084329497601161,True,775,2
3108503,9,0.7777777777777778,0.6449243367566014,MG,Sudeste,municipal,,,77.77,770.7866,5841,14673.343605546996,0.44,0.35507566324339856,,False,,False,776,2
1507755,16,0.5625,0.6452582185379871,PA,Norte,municipal,79.9,79.91,79.88,768.0657,6160,28035.714285714286,0.397,0.35474178146201285,-15.374178146201288,True,-15.384178146201279,True,777,2
3109709,25,0.68,0.6459766817643687,MG,Sudeste,municipal,64.71,67.62,61.69,753.1627,12248,49783.22991508818,,0.35402331823563127,-0.11233182356312454,True,-3.0223318235631353,True,778,1
3135100,115,0.6434782608695652,0.6464790503030003,MG,Sudeste,estadual,54.63,59.53,54.68,748.3439,73281,26816.787434669288,,0.35352094969699965,10.017905030300035,False,5.117905030300037,False,779,1
2604007,100,0.47,0.646519357899184,PE,Nordeste,municipal,67.68,70.0,65.28,755.1203,83205,23285.499669491015,0.417,0.353480642100816,-3.0280642100816095,True,-5.348064210081603,True,780,2
3122355,8,0.625,0.6471950687312675,MG,Sudeste,municipal,55.72,60.41,50.93,744.7114,6513,33269.7681559957,0.414,0.35280493126873247,8.999506873126748,False,4.30950687312675,False,781,1
2207850,7,0.8571428571428571,0.6483490103263543,PI,Nordeste,municipal,68.54,70.68,66.32,753.361,3698,12391.292590589508,0.34,0.3516509896736457,-3.7050989673645773,True,-5.845098967364578,True,782,2
3135704,10,0.3,0.64844159978997,MG,Sudeste,municipal,57.0,61.44,52.44,749.1596,6098,26525.582158084617,,0.35155840021003004,7.8441599789969985,False,3.4041599789970007,False,783,1
3140555,12,0.5,0.6486524740025393,MG,Sudeste,municipal,59.04,63.08,54.87,756.4367,9458,11909.91753013322,0.329,0.35134752599746066,5.825247400253936,False,1.7852474002539367,False,784,2
3205010,70,0.5571428571428572,0.6486641901614509,ES,Sudeste,municipal,69.28,71.27,67.21,755.969,28453,32050.469194812496,,0.35133580983854906,-4.413580983854914,True,-6.4035809838549085,True,785,1
5003751,31,0.4838709677419355,0.6486880485072917,MS,Centro-Oeste,municipal,76.1,76.78,75.4,768.648,11633,60568.383048224874,0.258,0.35131195149270833,-11.231195149270832,True,-11.911195149270839,True,786,1
3128709,76,0.631578947368421,0.648999191958558,MG,Sudeste,municipal,57.85,62.12,53.45,746.6033,52621,46208.9279945269,0.189,0.35100080804144196,7.0499191958558,False,2.779919195855804,False,787,1
4125308,9,0.5555555555555556,0.6490045859275376,PR,Sul,municipal,80.0,80.0,82.98,761.1563,5193,80361.25553629886,0.202,0.3509954140724624,-15.099541407246235,True,-15.099541407246235,True,788,1
1100098,55,0.7090909090909091,0.6492389665163343,RO,Norte,municipal,80.0,80.0,85.33,790.8992,32717,31297.887948161508,,0.3507610334836657,-15.076103348366573,True,-15.076103348366573,True,789,2
3128006,40,0.5,0.650051752873455,MG,Sudeste,municipal,61.34,64.93,57.63,749.7172,33434,38416.94083866722,0.266,0.34994824712654504,3.665175287345491,False,0.07517528734548762,False,790,1
4106506,50,0.74,0.6511650492141189,PR,Sul,municipal,80.0,80.0,80.52,764.3881,23859,46499.89521773754,0.196,0.3488349507858811,-14.883495078588112,True,-14.883495078588112,True,791,1
3204054,50,0.7,0.6526087653963496,ES,Sudeste,municipal,70.99,72.65,69.28,758.1125,22048,24721.38062409289,0.432,0.3473912346036504,-5.729123460365031,True,-7.389123460365042,True,792,2
5006275,14,0.8571428571428571,0.6535232787446732,MS,Centro-Oeste,municipal,76.92,77.46,76.38,770.0432,5777,240558.4213259477,,0.3464767212553268,-11.567672125532681,True,-12.107672125532673,True,793,1
5211909,198,0.6565656565656566,0.6536393530721567,GO,Centro-Oeste,municipal,66.63,69.15,64.01,749.0067,110404,90812.9868483026,0.223,0.3463606469278433,-1.266064692784326,True,-3.786064692784336,True,794,1
3137700,31,0.7096774193548387,0.6541417143228787,MG,Sudeste,municipal,73.28,74.49,72.03,764.4031,21422,23720.427597796657,0.299,0.3458582856771213,-7.8658285677121285,True,-9.075828567712122,True,795,2
5200506,4,1.0,0.6542661068767418,GO,Centro-Oeste,municipal,,80.0,,,1984,33471.77419354839,0.284,0.3457338931232582,,False,-14.573389312325816,True,796,1
3127909,1,1.0,0.654622983753664,MG,Sudeste,estadual,,,66.67,738.5398,1426,36155.68022440393,0.27,0.345377016246336,,False,,False,797,1
4123808,18,0.8333333333333334,0.6550196576871246,PR,Sul,municipal,80.0,80.0,82.42,764.1399,14385,35737.15676051442,0.273,0.34498034231287544,-14.498034231287548,True,-14.498034231287548,True,798,2
3101102,30,0.6,0.6551169745069801,MG,Sudeste,municipal,53.9,58.93,48.78,739.3567,26165,30322.03325052551,0.319,0.34488302549301986,11.61169745069801,False,6.581697450698009,False,799,1
2510105,13,0.6153846153846154,0.6552837132243438,PB,Nordeste,municipal,68.38,70.55,66.12,766.5837,9884,11630.4127883448,0.47,0.34471628677565624,-2.851628677565614,True,-5.021628677565616,True,800,2
2111607,36,0.8333333333333334,0.6554494929439998,MA,Nordeste,municipal,72.44,73.81,71.02,769.0733,19129,56983.271472633176,,0.3445505070560002,-6.895050705600013,True,-8.265050705600018,True,801,1
3203106,20,0.55,0.6555090581789141,ES,Sudeste,municipal,71.71,73.22,70.14,755.0763,12079,18122.69227585065,,0.34449094182108586,-6.159094182108575,True,-7.66909418210858,True,802,2
3156403,2,0.5,0.6560439073564461,MG,Sudeste,municipal,61.43,64.99,57.73,765.2705,3440,83763.95348837209,0.159,0.34395609264355387,4.174390735644614,False,0.6143907356446192,False,803,1
4117057,11,0.5454545454545454,0.656192258957166,PR,Sul,municipal,77.85,78.22,77.48,755.0554,12287,30794.498250183122,0.468,0.34380774104283396,-12.230774104283384,True,-12.600774104283389,True,804,2
5201504,9,0.5555555555555556,0.6563560150659655,GO,Centro-Oeste,municipal,64.94,67.8,61.96,752.5578,4452,116482.92902066487,,0.3436439849340345,0.6956015065965602,False,-2.1643984934034393,True,805,1
3101201,6,0.6666666666666666,0.6565514239522804,MG,Sudeste,municipal,59.4,63.37,55.3,749.8801,6382,24196.490128486366,,0.3434485760477196,6.255142395228042,False,2.2851423952280427,False,806,1
1101476,11,0.45454545454545453,0.6569569641117817,RO,Norte,municipal,80.0,80.0,86.09,787.0699,3279,40010.06404391583,0.289,0.3430430358882183,-14.304303588821824,True,-14.304303588821824,True,807,2
3163508,6,0.8333333333333334,0.6585793133681321,MG,Sudeste,municipal,59.37,63.35,55.27,747.6838,6298,25014.44903143855,,0.34142068663186786,6.487931336813212,False,2.5079313368132077,False,808,1
4113205,77,0.6363636363636364,0.6590047128485303,PR,Sul,municipal,80.0,80.0,81.08,761.3108,45857,57735.26397278496,0.23,0.34099528715146965,-14.09952871514696,True,-14.09952871514696,True,809,1
3131901,104,0.7403846153846154,0.6590794596683482,MG,Sudeste,municipal,63.29,66.49,59.98,750.1775,55877,128146.53614188306,0.207,0.34092054033165176,2.6179459668348315,False,-0.5820540331651642,True,810,1
5000856,30,0.8666666666666667,0.6595242774680317,MS,Centro-Oeste,municipal,80.0,80.0,92.96,815.3627,11203,110994.46576809783,0.338,0.34047572253196834,-14.047572253196833,True,-14.047572253196833,True,811,2
4126306,33,0.7878787878787878,0.659722084945646,PR,Sul,municipal,80.0,80.0,80.66,766.303,17344,39836.4852398524,,0.340277915054354,-14.027791505435403,True,-14.027791505435403,True,812,2
4117008,7,0.8571428571428571,0.6604537249463985,PR,Sul,municipal,80.0,80.0,81.68,764.0276,7201,45470.4902096931,0.263,0.33954627505360147,-13.95462750536015,True,-13.95462750536015,True,813,2
4107553,8,1.0,0.6615080789609864,PR,Sul,municipal,76.57,77.17,75.96,763.8896,3023,84563.6784651009,0.276,0.3384919210390136,-10.419192103901352,True,-11.01919210390136,True,814,1
2503506,19,0.5789473684210527,0.6618476784384344,PB,Nordeste,municipal,79.56,79.64,79.49,777.1244,16373,10950.894765772919,0.529,0.3381523215615656,-13.375232156156557,True,-13.455232156156555,True,815,2
5210109,43,0.7209302325581395,0.6625855425508587,GO,Centro-Oeste,municipal,66.71,69.21,64.1,750.4827,26163,106943.5844513244,0.279,0.33741445744914134,-0.4514457449141247,True,-2.9514457449141247,True,816,1
4111407,30,0.7666666666666667,0.6634253199591111,PR,Sul,municipal,80.0,80.0,84.6,764.5959,13473,52777.629332739554,,0.33657468004088886,-13.657468004088884,True,-13.657468004088884,True,817,2
3163102,9,0.4444444444444444,0.6634561782681903,MG,Sudeste,municipal,59.26,63.26,55.14,746.6234,4677,29267.4791533034,,0.33654382173180974,7.085617826819025,False,3.085617826819025,False,818,1
2106607,45,0.3111111111111111,0.6638076011254432,MA,Nordeste,municipal,73.54,74.7,72.34,771.0041,33300,10042.072072072073,,0.33619239887455676,-7.1592398874556835,True,-8.31923988745568,True,819,2
4105508,158,0.6708860759493671,0.6645782191923292,PR,Sul,municipal,79.62,79.69,79.56,765.6405,82359,48406.330819946816,0.176,0.3354217808076708,-13.162178080767092,True,-13.232178080767085,True,820,1
3171071,7,1.0,0.6650066163886431,MG,Sudeste,municipal,65.08,67.91,62.13,756.6876,5257,21864.751759558683,0.287,0.3349933836113569,1.420661638864317,False,-1.4093383611356813,True,821,2
3132404,112,0.6785714285714286,0.665364702396369,MG,Sudeste,municipal,63.11,66.34,59.76,751.8503,96632,46547.303170792286,,0.334635297603631,3.426470239636899,False,0.19647023963689492,False,822,1
2605459,7,0.8571428571428571,0.6656210898847872,PE,Nordeste,estadual,,,78.11,760.5483,3316,91955.06634499397,,0.3343789101152128,,False,,False,823,1
4103909,33,0.7575757575757576,0.6657057555237353,PR,Sul,municipal,80.0,80.0,80.15,766.3552,15979,42206.771387446024,0.331,0.33429424447626466,-13.42942444762646,True,-13.42942444762646,True,824,2
3112406,14,0.35714285714285715,0.6667541323299473,MG,Sudeste,municipal,,,54.82,745.6089,6652,35077.87131689717,,0.3332458676700527,,False,,False,825,1
3170479,6,0.6666666666666666,0.6673948259213023,MG,Sudeste,municipal,58.52,62.66,54.25,744.3559,3360,28613.690476190477,0.279,0.3326051740786977,8.219482592130227,False,4.079482592130233,False,826,1
4125456,13,0.7692307692307693,0.6675069414163837,PR,Sul,municipal,80.0,80.0,83.2,766.2017,4030,27214.39205955335,0.269,0.33249305858361633,-13.249305858361637,True,-13.249305858361637,True,827,2
3145901,48,0.6875,0.6681821312548211,MG,Sudeste,municipal,67.76,70.05,65.37,757.6015,40411,106673.10880700799,,0.33181786874517893,-0.9417868745179021,True,-3.231786874517894,True,828,1
3155603,36,0.8055555555555556,0.6685702810173455,MG,Sudeste,municipal,74.39,75.39,73.36,766.3998,29123,13882.910414449061,0.309,0.3314297189826545,-7.532971898265444,True,-8.532971898265444,True,829,2
3171303,75,0.7066666666666667,0.6693710704281248,MG,Sudeste,municipal,65.52,68.27,62.67,753.005,79221,28209.237449666125,0.211,0.3306289295718752,1.4171070428124892,False,-1.3328929571875108,True,830,1
3170008,17,0.5294117647058824,0.6698484925664961,MG,Sudeste,municipal,71.8,73.3,70.25,765.8982,11977,11860.816565083076,0.526,0.33015150743350385,-4.815150743350387,True,-6.315150743350387,True,831,2
3146552,11,0.7272727272727273,0.6698927593275965,MG,Sudeste,municipal,65.4,68.17,62.52,762.5824,5634,13067.62513312034,0.358,0.3301072406724035,1.589275932759648,False,-1.180724067240348,True,832,2
3122603,7,0.7142857142857143,0.6699805944160173,MG,Sudeste,estadual,,,73.54,765.9131,5051,16207.483666600674,,0.3300194055839827,,False,,False,833,2
3112703,21,0.47619047619047616,0.6701042468763924,MG,Sudeste,municipal,64.86,67.74,61.87,750.7466,14401,40302.61787375877,,0.32989575312360764,2.15042468763923,False,-0.7295753123607653,True,834,1
4104808,572,0.6223776223776224,0.6701567311620997,PR,Sul,municipal,80.0,80.0,80.11,766.3159,364104,52743.66115175884,0.266,0.32984326883790027,-12.984326883790033,True,-12.984326883790033,True,835,1
2109403,16,0.5625,0.6707603831945477,MA,Nordeste,municipal,76.22,76.88,75.54,772.1995,13922,8655.940238471483,,0.32923961680545233,-9.143961680545232,True,-9.803961680545228,True,836,2
5107107,31,0.6129032258064516,0.6719080877240852,MT,Centro-Oeste,municipal,80.0,80.0,90.1,795.97,17830,30866.965787997757,0.18,0.32809191227591483,-12.809191227591484,True,-12.809191227591484,True,837,2
2612000,8,0.625,0.6722315965051081,PE,Nordeste,municipal,69.69,71.61,67.71,759.971,11218,18202.799072918522,0.302,0.3277684034948919,-2.466840349489189,True,-4.386840349489191,True,838,2
4124608,13,0.6923076923076923,0.6725556170561622,PR,Sul,municipal,78.54,78.79,78.29,767.716,6712,84600.11918951133,0.376,0.3274443829438378,-11.28443829438379,True,-11.53443829438379,True,839,2
3144706,27,0.6666666666666666,0.6728311835894023,MG,Sudeste,municipal,63.58,66.71,60.32,752.2747,17807,26999.21379232886,0.248,0.3271688164105977,3.7031183589402303,False,0.5731183589402349,False,840,1
4213104,17,0.8235294117647058,0.6728987427662438,SC,Sul,municipal,80.0,80.0,81.43,765.7981,6053,157553.44457293904,0.1,0.32710125723375616,-12.710125723375612,True,-12.710125723375612,True,841,1
3532058,5,0.8,0.6730924516024591,SP,Sudeste,municipal,79.94,79.95,79.93,769.5038,4079,41928.65898504535,,0.3269075483975409,-12.63075483975409,True,-12.640754839754095,True,842,2
2509602,6,0.6666666666666666,0.6752780811654726,PB,Nordeste,municipal,80.0,80.0,84.33,787.2381,4435,13483.652762119504,,0.3247219188345274,-12.472191883452737,True,-12.472191883452737,True,843,2
3170651,8,0.875,0.6753901006670427,MG,Sudeste,municipal,64.67,67.59,61.64,758.4781,4727,16290.882166278823,0.265,0.32460989933295725,2.869010066704277,False,-0.050989933295724654,True,844,2
5218508,85,0.788235294117647,0.6758041025498053,GO,Centro-Oeste,municipal,69.08,71.11,66.97,752.9553,49986,62487.576521426,,0.3241958974501947,-1.4995897450194775,True,-3.5295897450194786,True,845,1
4103404,4,0.5,0.6758108411074517,PR,Sul,municipal,80.0,80.0,80.11,766.2679,2655,45774.76459510358,0.199,0.3241891588925483,-12.418915889254833,True,-12.418915889254833,True,846,2
2606903,9,0.7777777777777778,0.6770423522514416,PE,Nordeste,municipal,73.75,74.87,72.59,756.3603,11366,10739.750131972549,0.364,0.3229576477485584,-6.04576477485584,True,-7.165764774855845,True,847,2
3114105,25,0.76,0.677585749067144,MG,Sudeste,municipal,60.43,64.19,56.53,752.1164,14114,23400.02834065467,,0.32241425093285603,7.328574906714401,False,3.568574906714403,False,848,1
3124906,11,0.5454545454545454,0.6777788466366121,MG,Sudeste,municipal,60.4,64.17,56.5,750.7961,11075,21955.30474040632,,0.32222115336338786,7.377884663661213,False,3.60788466366121,False,849,1
3112307,73,0.7945205479452054,0.6784214153605038,MG,Sudeste,estadual,60.28,64.07,79.78,778.3422,41536,26767.791795069337,0.298,0.3215785846394962,7.562141536050376,False,3.772141536050384,False,850,2
3135407,5,0.8,0.6785038177139733,MG,Sudeste,municipal,69.58,71.51,67.57,762.3512,6428,262874.1443683883,0.344,0.3214961822860267,-1.729618228602675,True,-3.6596182286026817,True,851,1
3120870,16,0.625,0.6787681764781277,MG,Sudeste,municipal,79.36,79.47,79.25,784.8483,7630,12417.693315858454,0.425,0.3212318235218723,-11.483182352187228,True,-11.593182352187227,True,852,2
2513505,7,0.8571428571428571,0.6790667240507855,PB,Nordeste,municipal,80.0,80.0,81.58,775.9791,5106,11934.978456717587,0.474,0.3209332759492145,-12.093327594921448,True,-12.093327594921448,True,853,2
3130903,21,0.8571428571428571,0.6795038381784133,MG,Sudeste,municipal,70.4,72.17,68.56,768.2776,23000,23620.0,0.365,0.3204961618215867,-2.449616182158678,True,-4.219616182158674,True,854,2
4103024,4,1.0,0.6796535161002485,PR,Sul,municipal,75.76,76.51,75.0,763.1894,2448,67414.62418300654,,0.3203464838997515,-7.794648389975151,True,-8.544648389975151,True,855,2
3163706,70,0.8714285714285714,0.6796605055396938,MG,Sudeste,municipal,66.73,69.23,64.13,758.7373,46653,30266.435170299872,0.223,0.3203394944603062,1.2360505539693776,False,-1.2639494460306224,True,856,1
5208905,28,0.7857142857142857,0.6796711101684773,GO,Centro-Oeste,municipal,69.49,71.44,67.46,750.664,24233,32763.050385837494,0.188,0.32032888983152275,-1.5228889831522707,True,-3.4728889831522736,True,857,1
4125357,7,0.5714285714285714,0.6800828497741881,PR,Sul,municipal,75.2,76.05,74.33,764.0222,6659,27516.443910497073,,0.3199171502258119,-7.191715022581192,True,-8.041715022581187,True,858,2
3135902,7,0.5714285714285714,0.680277176053315,MG,Sudeste,municipal,65.01,67.86,62.05,755.6994,5296,21354.41842900302,,0.31972282394668505,3.017717605331484,False,0.1677176053314895,False,859,2
2600302,41,0.6829268292682927,0.6818268671882389,PE,Nordeste,municipal,73.01,74.28,71.71,766.124,24615,14953.3211456429,,0.3181731328117611,-4.827313281176117,True,-6.097313281176113,True,860,2
3117207,3,1.0,0.6829046595958049,MG,Sudeste,municipal,61.58,65.12,57.92,758.8812,2837,27772.294677476206,,0.31709534040419507,6.710465959580489,False,3.1704659595804827,False,861,2
3122405,10,0.5,0.6839880125675984,MG,Sudeste,municipal,66.86,69.33,64.28,755.1229,5993,26212.080760887704,0.231,0.31601198743240155,1.5388012567598395,False,-0.9311987432401594,True,862,1
4216255,9,0.8888888888888888,0.6840469664152774,SC,Sul,municipal,80.0,80.0,96.02,780.5342,6446,71853.55259075396,,0.3159530335847226,-11.595303358472265,True,-11.595303358472265,True,863,2
2210607,69,0.6811594202898551,0.6849077254948691,PI,Nordeste,municipal,70.08,71.92,68.18,764.7685,40784,18678.525892506867,0.349,0.3150922745051309,-1.5892274505130928,True,-3.429227450513096,True,864,2
3537701,6,0.8333333333333334,0.6855568450573492,SP,Sudeste,municipal,80.0,80.0,83.2,793.065,5623,28467.899697670284,0.363,0.31444315494265085,-11.444315494265084,True,-11.444315494265084,True,865,2
4122503,24,0.6666666666666666,0.6869412454210587,PR,Sul,municipal,80.0,80.0,83.73,768.164,11371,56237.270248878725,0.319,0.3130587545789413,-11.305875457894132,True,-11.305875457894132,True,866,2
3168705,97,0.711340206185567,0.6872623872349067,MG,Sudeste,municipal,59.91,63.78,55.91,746.9178,84087,55287.880409575795,0.222,0.31273761276509326,8.81623872349067,False,4.946238723490666,False,867,1
3138500,8,0.625,0.687326837310953,MG,Sudeste,municipal,60.12,63.95,56.17,751.0094,4775,24670.785340314134,0.311,0.312673162689047,8.61268373109531,False,4.782683731095304,False,868,2
3110202,6,0.6666666666666666,0.6874492331746437,MG,Sudeste,municipal,66.8,69.29,64.21,762.8336,4186,30648.829431438127,0.33,0.3125507668253563,1.9449233174643723,False,-0.5450766825356368,True,869,2
3102100,18,0.6111111111111112,0.6875154102622048,MG,Sudeste,estadual,,,97.15,789.2441,10994,20274.42241222485,,0.31248458973779525,,False,,False,870,2
2207405,2,1.0,0.6876955154247534,PI,Nordeste,municipal,72.28,73.69,70.83,765.4203,5048,35707.01267828843,0.542,0.3123044845752466,-3.51044845752466,True,-4.920448457524657,True,871,2
4105300,11,0.9090909090909091,0.6879578235407333,PR,Sul,municipal,80.0,80.0,81.6,766.8886,11251,95154.47515776375,0.192,0.3120421764592667,-11.204217645926661,True,-11.204217645926661,True,872,1
3154200,11,0.9090909090909091,0.6888256012668874,MG,Sudeste,municipal,61.52,65.07,57.85,749.0498,11520,21170.833333333332,0.358,0.3111743987331126,7.3625601266887415,False,3.8125601266887514,False,873,2
3127354,4,0.75,0.6889593298905721,MG,Sudeste,municipal,60.93,64.6,57.14,739.0669,2991,18518.890003343364,,0.31104067010942793,7.965932989057201,False,4.295932989057206,False,874,2
3115359,4,0.5,0.6890770322185933,MG,Sudeste,municipal,69.4,71.37,67.35,751.5861,5668,313988.0028228652,0.206,0.3109229677814067,-0.49229677814068395,True,-2.462296778140683,True,875,1
3167608,38,0.631578947368421,0.6891979084269311,MG,Sudeste,municipal,67.98,70.23,65.64,753.1614,20339,18252.126456561287,,0.31080209157306893,0.9397908426930996,False,-1.3102091573069004,True,876,2
3143807,20,0.8,0.6894138167548918,MG,Sudeste,municipal,78.23,78.54,77.93,776.5322,7857,20354.97009036528,0.302,0.3105861832451082,-9.288618324510821,True,-9.598618324510824,True,877,2
3105103,22,0.8636363636363636,0.6900451300931307,MG,Sudeste,municipal,68.24,70.44,65.95,756.3404,24144,35661.69648774023,,0.30995486990686927,0.7645130093130774,False,-1.4354869906869254,True,878,1
3133105,19,0.7368421052631579,0.690179553444108,MG,Sudeste,municipal,80.0,80.0,89.82,796.8881,15684,41397.34761540424,0.155,0.309820446555892,-10.982044655589206,True,-10.982044655589206,True,879,2
4217154,4,0.75,0.6905789929337975,SC,Sul,municipal,80.0,80.0,87.5,767.3228,1788,41314.87695749441,,0.30942100706620246,-10.942100706620252,True,-10.942100706620252,True,880,2
2708303,32,0.96875,0.6915177164834,AL,Nordeste,municipal,79.33,79.45,79.22,770.7405,21193,38550.1344783655,0.596,0.3084822835166,-10.178228351659996,True,-10.29822835166,True,881,2
3119302,51,0.7254901960784313,0.6919614839134393,MG,Sudeste,municipal,47.93,54.04,41.88,749.9643,30013,68363.2092759804,0.222,0.30803851608656074,21.266148391343926,False,15.156148391343926,False,882,1
3100104,8,0.875,0.6921549686515146,MG,Sudeste,municipal,64.48,67.44,61.41,755.0958,6365,29913.11861743912,,0.3078450313484854,4.735496865151461,False,1.7754968651514673,False,883,2
3534807,15,0.9333333333333333,0.6923079793878087,SP,Sudeste,municipal,80.0,80.0,82.02,789.568,7901,23654.09441842805,0.374,0.30769202061219125,-10.769202061219119,True,-10.769202061219119,True,884,2
3167103,25,0.56,0.6929910835890964,MG,Sudeste,estadual,,,65.83,759.0468,22550,17158.447893569846,,0.30700891641090355,,False,,False,885,2
2100303,34,0.23529411764705882,0.6932579177706326,MA,Nordeste,municipal,69.85,71.73,67.9,766.3691,23782,14096.627701623076,,0.3067420822293674,-0.5242082229367355,True,-2.404208222936745,True,886,2
4102000,58,0.6896551724137931,0.693300255294944,PR,Sul,municipal,80.0,80.0,80.21,767.0779,38105,53371.762235927046,,0.306699744705056,-10.669974470505608,True,-10.669974470505608,True,887,2
4107603,22,0.5909090909090909,0.694429415097009,PR,Sul,municipal,80.0,80.0,83.44,770.6511,16618,37614.57455770851,0.191,0.30557058490299105,-10.557058490299099,True,-10.557058490299099,True,888,2
3108602,52,0.7115384615384616,0.6945522177409221,MG,Sudeste,estadual,75.81,76.55,74.31,767.4624,33188,15388.935759913222,0.365,0.30544778225907787,-6.354778225907793,True,-7.094778225907788,True,889,2
4115754,19,0.6842105263157895,0.6947458370243832,PR,Sul,municipal,80.0,80.0,81.13,767.6548,9628,54758.205234732035,,0.3052541629756168,-10.525416297561677,True,-10.525416297561677,True,890,2
4101408,175,0.6457142857142857,0.6955683915560653,PR,Sul,municipal,80.0,80.0,82.14,767.9827,134306,35992.53197921165,,0.3044316084439347,-10.443160844393475,True,-10.443160844393475,True,891,2
3127800,26,0.7692307692307693,0.6956987958696477,MG,Sudeste,municipal,72.9,74.18,71.57,765.8674,14091,58012.845078418846,,0.30430120413035233,-3.330120413035246,True,-4.610120413035247,True,892,1
3168200,1,1.0,0.695819283532247,MG,Sudeste,municipal,77.0,77.52,76.47,782.4485,1707,41172.23198594025,,0.304180716467753,-7.418071646775303,True,-7.938071646775299,True,893,2
3204955,14,0.7857142857142857,0.6960501422732387,ES,Sudeste,municipal,75.39,76.21,74.56,755.1453,11271,26776.772247360484,,0.3039498577267613,-5.784985772676137,True,-6.60498577267613,True,894,2
3139904,18,0.8333333333333334,0.6962434149002767,MG,Sudeste,municipal,64.13,67.16,60.99,756.5293,14557,18783.40317373085,0.224,0.30375658509972325,5.494341490027679,False,2.464341490027678,False,895,2
3162401,22,0.5909090909090909,0.6963367493383833,MG,Sudeste,municipal,67.96,70.22,65.62,757.9722,24269,14763.731509332894,,0.3036632506616167,1.6736749338383419,False,-0.5863250661616632,True,896,2
2100808,17,0.23529411764705882,0.6970663337483559,MA,Nordeste,municipal,80.0,80.0,91.05,807.0786,14111,13664.020976543123,0.616,0.3029336662516441,-10.29336662516441,True,-10.29336662516441,True,897,2
3506201,3,0.6666666666666666,0.6971680970899521,SP,Sudeste,municipal,80.0,80.0,100.0,794.4897,2642,109015.89704769115,0.149,0.3028319029100479,-10.283190291004786,True,-10.283190291004786,True,898,2
2201606,20,0.55,0.6973851405206897,PI,Nordeste,municipal,77.94,78.29,77.58,769.8765,10104,11704.770387965162,0.401,0.3026148594793103,-8.201485947931033,True,-8.551485947931042,True,899,2
5107750,6,0.8333333333333334,0.6978436796861597,MT,Centro-Oeste,municipal,80.0,80.0,95.24,808.75,3679,32653.1666213645,,0.3021563203138403,-10.215632031384033,True,-10.215632031384033,True,900,2
3108404,30,0.8,0.6979620952200456,MG,Sudeste,municipal,67.86,70.13,65.49,762.7554,15137,22872.894232674902,0.271,0.3020379047799544,1.9362095220045603,False,-0.3337904779954357,True,901,2
2606101,21,0.7619047619047619,0.6982169407942983,PE,Nordeste,municipal,72.07,73.52,70.58,760.1192,30370,20616.200197563387,,0.3017830592057017,-2.2483059205701608,True,-3.6983059205701636,True,902,2
3114808,6,0.3333333333333333,0.6997180261795218,MG,Sudeste,municipal,80.0,80.0,80.29,766.9422,4507,23034.390947415133,0.286,0.30028197382047817,-10.028197382047821,True,-10.028197382047821,True,903,2
3141504,5,0.4,0.6997938619442937,MG,Sudeste,municipal,79.7,79.75,79.65,773.5532,5651,17367.0146876659,,0.3002061380557063,-9.720613805570636,True,-9.770613805570633,True,904,2
3168507,18,0.7777777777777778,0.7007357540673699,MG,Sudeste,municipal,76.18,76.85,75.5,766.9554,12634,17416.495171758746,,0.2992642459326301,-6.106424593263014,True,-6.776424593263002,True,905,2
2610509,27,0.8518518518518519,0.7008910026196088,PE,Nordeste,municipal,75.67,76.43,74.89,765.6972,29719,9875.837006628755,0.464,0.2991089973803912,-5.580899738039122,True,-6.340899738039127,True,906,2
3109501,17,0.6470588235294118,0.7014210437126652,MG,Sudeste,municipal,73.25,74.47,71.99,760.0695,11396,28104.598104598106,,0.2985789562873348,-3.1078956287334734,True,-4.327895628733472,True,907,2
3203007,62,0.6290322580645161,0.7018128973703509,ES,Sudeste,municipal,73.2,74.43,71.93,759.2998,30444,23747.73354355538,,0.2981871026296491,-3.018710262964916,True,-4.24871026296492,True,908,2
4107751,10,0.6,0.7018604515672346,PR,Sul,municipal,80.0,80.0,82.1,769.586,8144,23536.591355599216,0.303,0.29813954843276536,-9.813954843276534,True,-9.813954843276534,True,909,2
3108107,12,0.6666666666666666,0.7022116439074976,MG,Sudeste,municipal,70.99,72.64,69.27,755.5753,7672,18622.002085505734,0.279,0.2977883560925024,-0.7688356092502318,True,-2.4188356092502374,True,910,2
2615102,3,0.6666666666666666,0.7024181585407486,PE,Nordeste,municipal,70.15,71.97,68.26,766.1604,6857,13361.674201545866,,0.2975818414592514,0.09181585407485215,False,-1.728184145925141,True,911,2
4103305,13,0.7692307692307693,0.7024462880745836,PR,Sul,municipal,80.0,80.0,87.15,767.2466,7824,37891.74335378323,0.246,0.29755371192541635,-9.75537119254163,True,-9.75537119254163,True,912,2
2602506,16,0.5,0.7027607440743233,PE,Nordeste,municipal,72.8,74.1,71.45,763.8806,8010,11945.443196004993,,0.2972392559256767,-2.5239255925676645,True,-3.8239255925676616,True,913,2
3528809,11,0.8181818181818182,0.7029002160543565,SP,Sudeste,municipal,80.0,80.0,84.81,781.7885,12826,81060.03430531733,,0.2970997839456435,-9.709978394564345,True,-9.709978394564345,True,914,2
5213707,16,0.75,0.7031459902685846,GO,Centro-Oeste,municipal,68.75,70.85,66.57,750.0498,8972,91177.9982166741,0.266,0.2968540097314154,1.5645990268584598,False,-0.5354009731415346,True,915,1
3109204,15,0.7333333333333333,0.7037146952624187,MG,Sudeste,municipal,80.0,80.0,82.01,772.7571,9229,20776.68219742117,0.403,0.2962853047375813,-9.628530473758133,True,-9.628530473758133,True,916,2
2514552,3,1.0,0.7037201226701276,PB,Nordeste,municipal,80.0,80.0,82.35,785.6579,3383,12817.61749926101,,0.2962798773298724,-9.627987732987236,True,-9.627987732987236,True,917,2
5208806,169,0.6804733727810651,0.7048628962500632,GO,Centro-Oeste,municipal,70.86,72.54,69.12,754.3956,78754,20375.942809254135,0.367,0.29513710374993685,-0.3737103749936779,True,-2.0537103749936847,True,918,2
4210902,6,0.8333333333333334,0.70504974583837,SC,Sul,municipal,80.0,80.0,81.55,767.5009,4156,48930.70259865255,0.138,0.29495025416163,-9.495025416163003,True,-9.495025416163003,True,919,1
3544202,11,0.7272727272727273,0.705295914838928,SP,Sudeste,municipal,80.0,80.0,85.73,799.5384,10453,37370.61130775854,0.369,0.29470408516107205,-9.470408516107199,True,-9.470408516107199,True,920,2
2605004,45,0.8,0.7053601134626435,PE,Nordeste,municipal,78.27,78.56,77.97,775.3211,24301,14641.743138142463,0.438,0.2946398865373565,-7.733988653735651,True,-8.023988653735657,True,921,2
2615300,42,0.8571428571428571,0.7054801090024114,PE,Nordeste,municipal,75.02,75.9,74.11,763.8144,47575,19028.16605359958,0.365,0.2945198909975886,-4.471989099758858,True,-5.3519890997588675,True,922,2
4214151,11,0.7272727272727273,0.7061918060357684,SC,Sul,municipal,80.0,80.0,89.34,773.2014,3054,44062.54092992796,,0.29380819396423163,-9.380819396423163,True,-9.380819396423163,True,923,2
3158409,3,1.0,0.7062813829448992,MG,Sudeste,municipal,80.0,80.0,85.23,774.1518,3553,17211.652124964818,0.317,0.29371861705510083,-9.371861705510085,True,-9.371861705510085,True,924,2
3112109,8,0.375,0.7069524955948974,MG,Sudeste,municipal,63.44,66.6,60.15,752.2179,5144,25193.62363919129,0.283,0.29304750440510263,7.255249559489741,False,4.095249559489744,False,925,2
2202737,6,1.0,0.7069931537323401,PI,Nordeste,municipal,78.41,78.68,78.14,775.6476,4233,11818.80463028585,,0.29300684626765994,-7.710684626765996,True,-7.980684626766006,True,926,2
3148905,1,1.0,0.7071459251761133,MG,Sudeste,municipal,80.0,80.0,81.43,775.9123,4232,31618.620037807184,,0.2928540748238867,-9.285407482388663,True,-9.285407482388663,True,927,2
3140209,8,0.5,0.7078473370287044,MG,Sudeste,municipal,67.84,70.12,65.47,755.1194,3532,31431.200453001133,0.201,0.2921526629712956,2.944733702870437,False,0.6647337028704356,False,928,1
3111150,3,0.6666666666666666,0.7080987617314202,MG,Sudeste,municipal,80.0,80.0,84.73,778.3793,3802,13807.732772225145,0.395,0.29190123826857983,-9.190123826857985,True,-9.190123826857985,True,929,2
3101300,4,1.0,0.7084366849078061,MG,Sudeste,municipal,69.11,71.13,67.0,756.9583,2816,22670.454545454544,,0.2915633150921939,1.733668490780616,False,-0.2863315092193801,True,930,2
3103009,6,1.0,0.7086958690637973,MG,Sudeste,estadual,,,82.09,794.2119,9388,57035.683851725604,0.367,0.29130413093620267,,False,,False,931,2
3124203,34,0.5882352941176471,0.7087795771945326,MG,Sudeste,municipal,72.95,74.22,71.63,760.5556,24761,23052.340373975203,0.251,0.29122042280546745,-2.0720422805467535,True,-3.3420422805467496,True,932,2
3101631,8,0.625,0.709059127359083,MG,Sudeste,municipal,73.26,74.48,72.01,764.3029,7184,24633.073496659243,0.238,0.29094087264091695,-2.354087264091703,True,-3.574087264091702,True,933,2
3121209,11,0.2727272727272727,0.7093607811492577,MG,Sudeste,municipal,79.34,79.45,79.23,770.4471,8760,40598.17351598173,0.195,0.2906392188507423,-8.403921885074226,True,-8.513921885074225,True,934,2
3516002,13,0.6153846153846154,0.7097888424962735,SP,Sudeste,municipal,80.0,80.0,82.92,779.9017,13171,27460.633209323514,0.296,0.2902111575037265,-9.021115750372644,True,-9.021115750372644,True,935,2
3120607,5,0.6,0.7103487123399905,MG,Sudeste,municipal,80.0,80.0,81.48,775.112,5633,17875.37724125688,0.228,0.28965128766000947,-8.965128766000944,True,-8.965128766000944,True,936,2
5201108,544,0.6599264705882353,0.7105313698789288,GO,Centro-Oeste,municipal,73.43,74.61,72.21,757.0193,415847,49133.7174489656,,0.28946863012107116,-2.3768630121071226,True,-3.556863012107115,True,937,1
3138708,4,1.0,0.7107177656700914,MG,Sudeste,municipal,69.32,71.31,67.26,771.7453,5731,28988.658174838598,,0.2892822343299086,1.751776567009145,False,-0.23822343299086413,True,938,2
3515657,2,0.0,0.7111543470974178,SP,Sudeste,municipal,80.0,80.0,92.86,774.5463,1689,60766.133806986385,,0.28884565290258224,-8.884565290258223,True,-8.884565290258223,True,939,2
3127503,4,0.75,0.7112907049814825,MG,Sudeste,municipal,68.63,70.75,66.42,763.1686,5271,17615.25327262379,0.334,0.2887092950185175,2.4990704981482565,False,0.379070498148252,False,940,2
3149606,11,0.8181818181818182,0.7119359762118571,MG,Sudeste,municipal,66.77,69.27,64.18,759.2275,4258,24406.998590887742,0.234,0.2880640237881429,4.423597621185721,False,1.9235976211857206,False,941,2
3103702,7,0.8571428571428571,0.7128113991090484,MG,Sudeste,estadual,52.43,57.74,83.21,770.6577,8218,17446.702360671698,0.363,0.28718860089095155,18.85113991090484,False,13.541139910904839,False,942,2
3161056,9,0.3333333333333333,0.7128458060313575,MG,Sudeste,municipal,70.01,71.86,68.09,762.3193,3252,18175.89175891759,0.379,0.2871541939686425,1.274580603135746,False,-0.5754193968642483,True,943,2
5205208,13,0.7692307692307693,0.7133091462483053,GO,Centro-Oeste,municipal,70.26,72.06,68.4,760.4849,5318,23820.233170364798,,0.2866908537516947,1.0709146248305217,False,-0.7290853751694755,True,944,2
3528858,5,1.0,0.7133562177679376,SP,Sudeste,municipal,80.0,80.0,94.74,796.2238,3392,48219.92924528302,0.144,0.28664378223206244,-8.664378223206242,True,-8.664378223206242,True,945,2
3147808,3,0.6666666666666666,0.7135147643752976,MG,Sudeste,municipal,64.23,67.24,61.11,759.5724,2301,20671.447196870926,,0.2864852356247024,7.121476437529751,False,4.11147643752976,False,946,2
3123908,9,0.7777777777777778,0.7136328277080606,MG,Sudeste,municipal,80.0,80.0,83.15,780.4013,15120,27599.669312169313,0.257,0.2863671722919394,-8.636717229193948,True,-8.636717229193948,True,947,2
2514206,11,0.6363636363636364,0.7138584134965602,PB,Nordeste,municipal,80.0,80.0,85.74,792.8774,7270,12003.988995873453,0.396,0.2861415865034398,-8.614158650343981,True,-8.614158650343981,True,948,2
2101350,3,1.0,0.7140139460638443,MA,Nordeste,municipal,80.0,80.0,88.89,810.5072,5374,9701.898027540008,0.546,0.2859860539361557,-8.598605393615571,True,-8.598605393615571,True,949,2
2702009,15,0.6666666666666666,0.7140214483451872,AL,Nordeste,municipal,75.74,76.49,74.97,766.5515,11036,21238.220369699167,0.396,0.2859785516548128,-4.3378551654812725,True,-5.0878551654812725,True,950,2
3165305,11,0.7272727272727273,0.7143942934978769,MG,Sudeste,municipal,63.39,66.57,60.1,751.6821,6935,35809.08435472242,0.229,0.28560570650212314,8.049429349787687,False,4.869429349787694,False,951,1
3122702,5,1.0,0.7144137795846988,MG,Sudeste,municipal,68.96,71.02,66.83,760.429,5350,24079.6261682243,,0.28558622041530124,2.481377958469878,False,0.4213779584698756,False,952,2
2608701,19,0.9473684210526315,0.7146287973099155,PE,Nordeste,municipal,72.37,73.76,70.94,765.9971,14386,11735.784790768803,,0.28537120269008454,-0.907120269008459,True,-2.2971202690084596,True,953,2
3162609,11,0.8181818181818182,0.7150938943172035,MG,Sudeste,municipal,80.0,80.0,83.42,775.8265,7139,18193.16430872671,,0.2849061056827965,-8.49061056827965,True,-8.49061056827965,True,954,2
5207907,20,0.65,0.7152460071125288,GO,Centro-Oeste,municipal,68.9,70.97,66.75,752.5228,14156,20314.28369595931,0.307,0.28475399288747116,2.6246007112528815,False,0.5546007112528883,False,955,2
3168309,8,0.5,0.7165528431516309,MG,Sudeste,municipal,68.34,70.52,66.07,756.7531,4368,19391.712454212455,,0.2834471568483691,3.3152843151630833,False,1.1352843151630907,False,956,2
3118908,3,0.3333333333333333,0.716665945097446,MG,Sudeste,municipal,70.99,72.65,69.28,761.5464,7592,21619.072708113803,0.285,0.28333405490255403,0.6765945097446036,False,-0.9834054902554072,True,957,2
5211503,162,0.7469135802469136,0.7167521288881994,GO,Centro-Oeste,municipal,71.41,72.98,69.78,755.2827,112289,58379.50288986455,0.165,0.2832478711118006,0.26521288881994565,False,-1.3047871111800617,True,958,1
2608602,17,0.8235294117647058,0.7169675798573265,PE,Nordeste,municipal,73.78,74.9,72.63,765.0423,12364,12146.554513102556,,0.2830324201426735,-2.0832420142673556,True,-3.20324201426736,True,959,2
4111555,14,0.5714285714285714,0.7170948322001129,PR,Sul,municipal,80.0,80.0,84.34,769.38,6833,41040.538562856724,0.315,0.28290516779988706,-8.290516779988707,True,-8.290516779988707,True,960,2
4124806,21,0.7619047619047619,0.717309316458595,PR,Sul,municipal,80.0,80.0,87.03,772.9093,12230,99769.2559280458,0.206,0.28269068354140503,-8.2690683541405,True,-8.2690683541405,True,961,1
3153806,2,1.0,0.7176145093918479,MG,Sudeste,municipal,64.59,67.52,61.54,760.6688,1800,28427.222222222223,0.241,0.2823854906081521,7.17145093918478,False,4.241450939184787,False,962,2
3151909,15,0.8,0.7201887684851208,MG,Sudeste,estadual,,80.0,90.55,791.8022,8468,17946.85876239962,,0.2798112315148792,,False,-7.981123151487921,True,963,2
2205540,4,1.0,0.72075788349538,PI,Nordeste,municipal,80.0,80.0,81.92,791.6749,3029,15381.313965004952,0.373,0.27924211650462005,-7.924211650461999,True,-7.924211650461999,True,964,2
2610202,32,1.0,0.7215138938392498,PE,Nordeste,municipal,77.3,77.76,76.82,773.9755,23449,10232.632521642714,0.461,0.2784861061607502,-5.148610616075018,True,-5.608610616075026,True,965,2
3156601,9,0.3333333333333333,0.7219625370869378,MG,Sudeste,municipal,80.0,80.0,86.74,780.9577,10575,13164.444444444445,0.46,0.2780374629130622,-7.803746291306226,True,-7.803746291306226,True,966,2
3161601,4,0.75,0.7229821414755688,MG,Sudeste,municipal,70.95,72.62,69.23,761.9295,3258,16409.7605893186,0.268,0.27701785852443117,1.3482141475568739,False,-0.32178585244312785,True,967,2
4126603,34,0.7941176470588235,0.7232031331813265,PR,Sul,municipal,80.0,80.0,85.7,770.1472,23712,35894.10425101215,,0.27679686681867355,-7.679686681867352,True,-7.679686681867352,True,968,2
3112000,13,0.9230769230769231,0.7235852311599863,MG,Sudeste,municipal,80.0,80.0,88.88,786.264,14236,31096.65636414723,,0.2764147688400137,-7.641476884001364,True,-7.641476884001364,True,969,2
3519006,12,0.9166666666666666,0.7245820055221005,SP,Sudeste,municipal,80.0,80.0,85.15,786.7246,9302,59416.14706514728,0.255,0.2754179944778995,-7.5417994477899555,True,-7.5417994477899555,True,970,2
3148004,189,0.7513227513227513,0.7249428721357829,MG,Sudeste,estadual,70.88,72.56,70.81,765.8133,167870,48557.6279263716,0.189,0.2750571278642171,1.6142872135782937,False,-0.06571278642171308,True,971,1
5205802,14,0.5714285714285714,0.7256938085880927,GO,Centro-Oeste,municipal,73.34,74.54,72.1,747.8291,10714,31777.207392197124,0.295,0.27430619141190726,-0.7706191411907355,True,-1.9706191411907383,True,972,2
3205150,14,0.5714285714285714,0.7282584393710204,ES,Sudeste,municipal,75.41,76.22,74.58,760.3951,9298,22946.00989460099,,0.2717415606289796,-2.5841560628979607,True,-3.394156062897963,True,973,2
4122008,36,0.8611111111111112,0.7295228811167513,PR,Sul,municipal,80.0,80.0,89.62,772.3185,14214,70141.55058393134,,0.27047711888324866,-7.047711888324869,True,-7.047711888324869,True,974,2
3141405,21,0.6190476190476191,0.7296440511142411,MG,Sudeste,municipal,71.82,73.31,70.27,772.4671,20492,16138.737068124146,,0.27035594888575887,1.1444051114241205,False,-0.3455948885758886,True,975,2
4122800,9,1.0,0.7299996641851534,PR,Sul,municipal,80.0,80.0,89.42,776.4949,4097,35289.480107395655,0.355,0.2700003358148466,-7.000033581484658,True,-7.000033581484658,True,976,2
2604908,10,1.0,0.7309206522168472,PE,Nordeste,municipal,76.97,77.49,76.43,774.0696,16252,10084.297317253262,,0.2690793477831528,-3.8779347783152787,True,-4.397934778315275,True,977,2
3150604,8,0.625,0.7309587369383113,MG,Sudeste,municipal,69.08,71.11,66.97,755.8144,6884,36107.64090644974,0.214,0.26904126306168874,4.015873693831125,False,1.9858736938311239,False,978,1
3200300,14,0.9285714285714286,0.7315200525403373,ES,Sudeste,municipal,75.35,76.17,74.51,765.3925,14373,39336.60335351005,,0.26847994745966275,-2.1979947459662696,True,-3.017994745966277,True,979,2
2105708,74,0.7567567567567568,0.7320187951510985,MA,Nordeste,municipal,80.0,80.0,92.18,794.0983,45875,13540.010899182562,0.49,0.26798120484890153,-6.798120484890148,True,-6.798120484890148,True,980,2
5209937,12,0.8333333333333334,0.7320346523043116,GO,Centro-Oeste,municipal,76.77,77.33,76.2,758.8714,6061,61600.56096353737,,0.26796534769568836,-3.5665347695688325,True,-4.126534769568835,True,981,2
4106852,8,1.0,0.73304253533516,PR,Sul,municipal,80.0,80.0,95.74,774.6726,2896,65339.77900552486,,0.26695746466484005,-6.69574646648401,True,-6.69574646648401,True,982,2
4103800,17,0.8823529411764706,0.733091893262942,PR,Sul,municipal,80.0,80.0,86.17,777.1146,9899,35293.160925346,,0.266908106737058,-6.690810673705798,True,-6.690810673705798,True,983,2
4117453,7,0.7142857142857143,0.7331539444737728,PR,Sul,municipal,80.0,80.0,86.73,771.8569,7031,42260.987057317594,0.205,0.2668460555262272,-6.684605552622713,True,-6.684605552622713,True,984,2
3103603,6,0.5,0.7335250007653128,MG,Sudeste,municipal,75.76,76.51,75.0,756.1207,2991,25985.6235372785,0.255,0.2664749992346872,-2.4074999234687198,True,-3.1574999234687198,True,985,2
4106555,8,0.75,0.7335473861865404,PR,Sul,municipal,80.0,80.0,87.28,775.3475,3780,27760.58201058201,0.303,0.26645261381345964,-6.645261381345961,True,-6.645261381345961,True,986,2
3120805,20,0.75,0.7336141181487991,MG,Sudeste,estadual,80.0,80.0,73.87,773.2656,15779,26693.77020089993,0.321,0.26638588185120093,-6.638588185120099,True,-6.638588185120099,True,987,2
5201603,6,1.0,0.7341073418996343,GO,Centro-Oeste,municipal,77.68,78.08,77.27,776.371,3842,22704.84122852681,,0.26589265810036566,-4.269265810036572,True,-4.669265810036563,True,988,2
5101001,3,0.6666666666666666,0.7342733843053454,MT,Centro-Oeste,municipal,80.0,80.0,100.0,838.33,3950,42786.07594936709,0.299,0.2657266156946546,-6.572661569465467,True,-6.572661569465467,True,989,2
3114303,37,0.8918918918918919,0.7349622257873566,MG,Sudeste,municipal,71.94,73.41,70.42,760.9684,29899,39976.88885915917,0.21,0.2650377742126434,1.5562225787356567,False,0.08622257873565786,False,990,1
3159506,14,0.7142857142857143,0.7352527796978837,MG,Sudeste,municipal,80.0,80.0,83.38,773.637,5973,39100.11719403985,,0.2647472203021163,-6.474722030211623,True,-6.474722030211623,True,991,2
3146602,4,0.75,0.7353333484754025,MG,Sudeste,municipal,80.0,80.0,80.0,768.3198,1498,22602.803738317758,0.216,0.26466665152459745,-6.46666515245974,True,-6.46666515245974,True,992,2
5208103,3,1.0,0.7354529883486011,GO,Centro-Oeste,municipal,72.26,73.67,70.81,748.103,4681,28523.819696646016,,0.26454701165139893,1.2852988348601002,False,-0.12470116513989637,True,993,2
3202553,36,0.75,0.7367483776594018,ES,Sudeste,municipal,74.85,75.77,73.91,762.7843,9973,20725.258197132258,0.289,0.2632516223405982,-1.1751622340598118,True,-2.0951622340598135,True,994,2
3532504,12,0.75,0.7368547883996173,SP,Sudeste,municipal,80.0,80.0,90.57,808.4977,9921,38765.447031549236,0.172,0.26314521160038273,-6.314521160038268,True,-6.314521160038268,True,995,2
2110039,40,0.875,0.7368962866222802,MA,Nordeste,municipal,80.0,80.0,93.66,807.326,24870,15390.59107358263,0.514,0.26310371337771976,-6.310371337771983,True,-6.310371337771983,True,996,2
3127602,23,0.9130434782608695,0.7373143955193618,MG,Sudeste,municipal,75.13,75.99,74.24,767.8363,11549,17833.318902069444,0.275,0.26268560448063816,-1.3985604480638045,True,-2.258560448063804,True,997,2
3512902,15,0.5333333333333333,0.7379745487768844,SP,Sudeste,municipal,80.0,80.0,94.57,812.7344,8968,97951.27118644067,0.214,0.2620254512231156,-6.202545122311562,True,-6.202545122311562,True,998,2
4113403,4,1.0,0.7403031050980833,PR,Sul,municipal,80.0,80.0,91.11,772.6212,3751,60282.058117835244,0.274,0.2596968949019167,-5.969689490191669,True,-5.969689490191669,True,999,2
4107504,19,0.8421052631578947,0.740678753537509,PR,Sul,municipal,80.0,80.0,87.33,774.2993,12431,56202.23634462232,0.283,0.259321246462491,-5.932124646249093,True,-5.932124646249093,True,1000,2
3164902,3,1.0,0.7423150561963924,MG,Sudeste,municipal,70.28,72.08,68.42,760.7513,2373,20288.664138221662,0.233,0.2576849438036076,3.951505619639235,False,2.151505619639238,False,1001,2
5201207,4,0.75,0.7430507116642229,GO,Centro-Oeste,municipal,80.0,80.0,80.0,755.6838,921,29031.487513572203,,0.2569492883357771,-5.6949288335777055,True,-5.6949288335777055,True,1002,2
3514957,1,1.0,0.7447339578276504,SP,Sudeste,municipal,80.0,80.0,88.89,794.7582,2353,39537.611559711004,,0.2552660421723496,-5.526604217234961,True,-5.526604217234961,True,1003,2
3540853,2,1.0,0.745564271452442,SP,Sudeste,municipal,80.0,80.0,94.44,808.2186,2599,16929.973066564064,,0.254435728547558,-5.4435728547558,True,-5.4435728547558,True,1004,2
2603926,8,1.0,0.7478457983385097,PE,Nordeste,municipal,80.0,80.0,84.31,772.758,12682,8441.807285917048,,0.2521542016614903,-5.2154201661490305,True,-5.2154201661490305,True,1005,2
5210562,11,0.7272727272727273,0.7486310883827408,GO,Centro-Oeste,municipal,80.0,80.0,85.79,765.0755,5088,24887.971698113208,0.317,0.25136891161725916,-5.136891161725913,True,-5.136891161725913,True,1006,2
4124905,10,0.8,0.7511522302843042,PR,Sul,municipal,80.0,80.0,93.33,777.7432,5620,34102.49110320285,0.399,0.24884776971569578,-4.884776971569579,True,-4.884776971569579,True,1007,2
3158904,8,0.75,0.751880636855806,MG,Sudeste,municipal,80.0,80.0,90.59,794.2547,9236,24673.776526634905,0.349,0.24811936314419403,-4.811936314419398,True,-4.811936314419398,True,1008,2
3165107,14,0.6428571428571429,0.7525504011651626,MG,Sudeste,municipal,70.04,71.89,68.13,766.4889,6853,34551.875091200935,0.221,0.24744959883483741,5.215040116516249,False,3.365040116516255,False,1009,2
3507753,4,1.0,0.7528443965308222,SP,Sudeste,municipal,80.0,80.0,94.42,809.9339,2605,34816.50671785029,0.17,0.24715560346917775,-4.715560346917769,True,-4.715560346917769,True,1010,2
2515203,6,0.6666666666666666,0.7532019273709277,PB,Nordeste,municipal,80.0,80.0,94.99,793.4907,3376,13765.402843601896,0.475,0.24679807262907227,-4.679807262907232,True,-4.679807262907232,True,1011,2
5218805,352,0.84375,0.7535149641919975,GO,Centro-Oeste,municipal,80.0,80.0,86.06,776.5049,238025,93729.78468648251,0.218,0.24648503580800252,-4.648503580800252,True,-4.648503580800252,True,1012,1
4116950,16,0.875,0.754135881579568,PR,Sul,municipal,80.0,80.0,97.38,779.4503,5744,34604.80501392758,,0.245864118420432,-4.586411842043205,True,-4.586411842043205,True,1013,2
4123105,7,0.8571428571428571,0.7563601212794832,PR,Sul,municipal,80.0,80.0,100.0,785.6073,3386,41802.1264028352,0.225,0.24363987872051684,-4.3639878720516805,True,-4.3639878720516805,True,1014,2
3204401,19,0.6842105263157895,0.7573305329945018,ES,Sudeste,municipal,78.33,78.61,78.04,766.4143,11479,25575.311438278597,0.249,0.24266946700549819,-2.5969467005498217,True,-2.876946700549823,True,1015,2
5210000,78,0.8717948717948718,0.7575467817168536,GO,Centro-Oeste,municipal,80.0,80.0,81.28,766.8665,53629,35067.64996550374,0.192,0.24245321828314637,-4.24532182831463,True,-4.24532182831463,True,1016,2
5220157,10,0.7,0.7578341039591605,GO,Centro-Oeste,municipal,76.07,76.76,75.36,773.6079,4926,45010.759236703205,0.298,0.2421658960408395,-0.2865896040839431,True,-0.976589604083955,True,1017,2
2102002,56,0.5714285714285714,0.7581924980111548,MA,Nordeste,municipal,80.0,80.0,94.62,802.6272,34035,16779.814896430147,0.585,0.24180750198884515,-4.18075019888451,True,-4.18075019888451,True,1018,2
3529104,2,1.0,0.7590330580222443,SP,Sudeste,municipal,80.0,80.0,93.33,775.1697,1870,30141.711229946523,,0.2409669419777557,-4.096694197775577,True,-4.096694197775577,True,1019,2
5222203,9,0.8888888888888888,0.759371215870324,GO,Centro-Oeste,municipal,80.0,80.0,83.76,777.9995,4185,48230.82437275986,,0.24062878412967603,-4.062878412967606,True,-4.062878412967606,True,1020,2
2615706,21,0.8571428571428571,0.7616800871895613,PE,Nordeste,municipal,80.0,80.0,82.65,774.9707,15142,13353.91625941091,0.241,0.23831991281043874,-3.8319912810438694,True,-3.8319912810438694,True,1021,2
2201804,2,1.0,0.7617925403812732,PI,Nordeste,municipal,80.0,80.0,90.77,792.8046,4131,12984.0232389252,,0.2382074596187268,-3.8207459618726745,True,-3.8207459618726745,True,1022,2
3200904,68,0.8088235294117647,0.7642837604389383,ES,Sudeste,municipal,78.66,78.89,78.43,762.2107,45250,29318.82872928177,0.291,0.2357162395610617,-2.231623956106162,True,-2.461623956106166,True,1023,2
5220058,6,1.0,0.7668574511759396,GO,Centro-Oeste,municipal,80.0,80.0,87.5,765.4672,1807,82294.96402877697,0.178,0.23314254882406038,-3.3142548824060327,True,-3.3142548824060327,True,1024,2
3204252,10,0.7,0.7668869346495117,ES,Sudeste,municipal,80.0,80.0,81.8,774.5414,6696,21062.42532855436,0.365,0.23311306535048826,-3.3113065350488284,True,-3.3113065350488284,True,1025,2
5205059,6,1.0,0.766992362760638,GO,Centro-Oeste,municipal,80.0,80.0,80.99,762.5445,2921,48038.68538171859,0.451,0.23300763723936202,-3.3007637239361998,True,-3.3007637239361998,True,1026,2
5211800,73,0.8082191780821918,0.7672833966077595,GO,Centro-Oeste,municipal,80.0,80.0,82.9,769.56,46427,25961.100221853663,0.235,0.23271660339224054,-3.2716603392240557,True,-3.2716603392240557,True,1027,2
2204808,6,0.8333333333333334,0.7714290772944598,PI,Nordeste,municipal,80.0,80.0,85.43,783.6578,9620,10581.081081081082,0.37,0.22857092270554025,-2.85709227055402,True,-2.85709227055402,True,1028,2
5200308,74,0.7162162162162162,0.7720405126369488,GO,Centro-Oeste,municipal,76.84,77.39,76.28,760.5208,28009,65417.580063551,0.291,0.22795948736305116,0.3640512636948756,False,-0.18594873630512154,True,1029,1
2202075,3,0.6666666666666666,0.7799596715203642,PI,Nordeste,municipal,80.0,80.0,100.0,795.0648,3146,14506.357279084552,,0.22004032847963584,-2.004032847963586,True,-2.004032847963586,True,1030,2
5219704,15,0.8666666666666667,0.7803485052527545,GO,Centro-Oeste,municipal,80.0,80.0,84.75,769.3675,10818,24025.420595304124,,0.21965149474724555,-1.965149474724555,True,-1.965149474724555,True,1031,2
2210201,4,1.0,0.7816832501554392,PI,Nordeste,municipal,80.0,80.0,93.83,781.6936,6732,12034.610814022579,,0.21831674984456084,-1.831674984456086,True,-1.831674984456086,True,1032,2
2605400,24,0.7083333333333334,0.7821404829465254,PE,Nordeste,municipal,80.0,80.0,85.66,779.8834,22169,12384.049799269249,0.398,0.21785951705347462,-1.7859517053474576,True,-1.7859517053474576,True,1033,2
5216908,4,0.25,0.785978557590927,GO,Centro-Oeste,municipal,80.0,80.0,96.02,765.089,2288,52948.86363636364,0.234,0.21402144240907295,-1.4021442409072904,True,-1.4021442409072904,True,1034,2
2200301,15,0.8666666666666667,0.7894183863142579,PI,Nordeste,municipal,80.0,80.0,90.92,798.9282,13734,10697.029270423765,0.413,0.21058161368574213,-1.0581613685742184,True,-1.0581613685742184,True,1035,2
2205151,13,0.9230769230769231,0.7894203452799184,PI,Nordeste,municipal,80.0,80.0,88.51,796.2188,5715,15956.60542432196,,0.21057965472008155,-1.0579654720081493,True,-1.0579654720081493,True,1036,2
2202133,7,1.0,0.7909729430468447,PI,Nordeste,municipal,80.0,80.0,85.6,801.9785,6188,12482.708468002586,,0.20902705695315527,-0.9027056953155324,True,-0.9027056953155324,True,1037,2
2201919,7,0.5714285714285714,0.7920813665412598,PI,Nordeste,municipal,80.0,80.0,87.91,783.7297,5786,14286.035257518148,0.432,0.20791863345874018,-0.7918633458740203,True,-0.7918633458740203,True,1038,2
2209450,4,0.75,0.79219666930738,PI,Nordeste,municipal,80.0,80.0,96.15,797.222,2189,11550.479671082687,0.577,0.20780333069262003,-0.7803330692619994,True,-0.7803330692619994,True,1039,2
5204854,13,0.6153846153846154,0.7930273159025479,GO,Centro-Oeste,municipal,80.0,80.0,86.91,773.3519,8449,28139.54314120014,0.32,0.20697268409745206,-0.697268409745206,True,-0.697268409745206,True,1040,2
5202353,2,1.0,0.7958706171417842,GO,Centro-Oeste,municipal,80.0,80.0,91.53,773.8533,2930,91790.78498293515,0.256,0.2041293828582158,-0.412938285821582,True,-0.412938285821582,True,1041,2
3515905,6,1.0,0.7964908261959703,SP,Sudeste,municipal,80.0,80.0,100.0,823.0431,2756,47594.702467343974,0.13,0.20350917380402966,-0.3509173804029615,True,-0.3509173804029615,True,1042,2
5215900,10,0.9,0.797502374646961,GO,Centro-Oeste,municipal,80.0,80.0,89.15,771.9414,3939,59348.05788271135,0.242,0.20249762535303895,-0.24976253530390125,True,-0.24976253530390125,True,1043,2
2309706,103,0.7281553398058253,0.7977052567380377,CE,Nordeste,municipal,76.63,77.22,76.03,778.8539,85873,19963.80701733956,0.391,0.20229474326196228,3.1405256738037792,False,2.550525673803776,False,1044,2
2200202,31,0.9032258064516129,0.7996536533675077,PI,Nordeste,municipal,80.0,80.0,90.64,802.035,18033,16832.03016691621,0.366,0.2003463466324923,-0.03463466324923559,True,-0.03463466324923559,True,1045,2
2105807,12,0.9166666666666666,0.8001619450325718,MA,Nordeste,municipal,80.0,80.0,100.0,838.5992,9700,11161.237113402061,0.427,0.19983805496742824,0.01619450325718219,False,0.01619450325718219,False,1046,2
2312601,19,0.47368421052631576,0.8017086062916701,CE,Nordeste,municipal,80.0,80.0,81.66,779.7168,10962,14686.82722130998,0.478,0.19829139370832993,0.1708606291670094,False,0.1708606291670094,False,1047,2
5219738,21,0.7142857142857143,0.802181796319873,GO,Centro-Oeste,municipal,80.0,80.0,91.99,775.9615,7873,25416.740759557983,0.357,0.19781820368012704,0.21817963198729728,False,0.21817963198729728,False,1048,2
2300408,22,0.8181818181818182,0.8042895897295559,CE,Nordeste,municipal,75.88,76.61,75.14,778.2022,14220,11890.014064697609,0.433,0.1957104102704441,4.548958972955589,False,3.818958972955585,False,1049,2
5219258,11,0.8181818181818182,0.8062237798589258,GO,Centro-Oeste,municipal,77.35,77.81,76.89,763.8929,5036,69674.54328832407,0.201,0.1937762201410742,3.2723779858925894,False,2.8123779858925815,False,1050,2
5210158,2,1.0,0.8095134731716802,GO,Centro-Oeste,municipal,80.0,80.0,93.1,771.6685,2964,32328.60998650472,,0.1904865268283198,0.9513473171680147,False,0.9513473171680147,False,1051,2
5211404,22,0.8181818181818182,0.8095934226971946,GO,Centro-Oeste,municipal,80.0,80.0,96.95,792.0194,7701,46701.85690170108,0.195,0.1904065773028054,0.9593422697194569,False,0.9593422697194569,False,1052,2
5206305,10,0.9,0.8109118097655555,GO,Centro-Oeste,municipal,80.0,80.0,88.62,775.5547,3630,37116.25344352617,0.236,0.18908819023444445,1.091180976555549,False,1.091180976555549,False,1053,2
2301851,36,0.75,0.8137845184970022,CE,Nordeste,municipal,80.0,80.0,80.28,788.1615,17654,18045.712019938823,0.469,0.18621548150299783,1.3784518497002125,False,1.3784518497002125,False,1054,2
2307007,52,0.8653846153846154,0.814216043358085,CE,Nordeste,municipal,80.0,80.0,84.18,792.3858,33070,20111.58149380103,0.357,0.18578395664191505,1.421604335808496,False,1.421604335808496,False,1055,2
5214705,3,1.0,0.8172565921048781,GO,Centro-Oeste,municipal,80.0,80.0,89.9,774.8803,2375,25566.736842105263,,0.1827434078951219,1.7256592104878052,False,1.7256592104878052,False,1056,2
2302701,27,0.8518518518518519,0.8182243321869895,CE,Nordeste,municipal,80.0,80.0,84.18,787.4531,26082,14190.131124913734,,0.18177566781301047,1.8224332186989471,False,1.8224332186989471,False,1057,2
5212600,3,0.6666666666666666,0.8245987680795706,GO,Centro-Oeste,municipal,80.0,80.0,97.33,787.2598,2618,38711.99388846448,0.205,0.17540123192042945,2.459876807957059,False,2.459876807957059,False,1058,2
5201306,21,1.0,0.8257864064306963,GO,Centro-Oeste,municipal,80.0,80.0,92.26,787.833,18443,39609.824865802744,,0.17421359356930366,2.578640643069633,False,2.578640643069633,False,1059,2
2201572,3,1.0,0.832596939489124,PI,Nordeste,municipal,80.0,80.0,100.0,844.2959,3508,13547.035347776511,,0.16740306051087595,3.2596939489123997,False,3.2596939489123997,False,1060,2
5213855,2,1.0,0.8330144927308887,GO,Centro-Oeste,municipal,80.0,80.0,100.0,793.6059,2499,27606.2424969988,,0.16698550726911132,3.3014492730888634,False,3.3014492730888634,False,1061,2
2203859,2,1.0,0.8332299563602611,PI,Nordeste,municipal,80.0,80.0,100.0,806.772,2364,13384.940778341794,,0.1667700436397389,3.322995636026107,False,3.322995636026107,False,1062,2
2209302,7,0.5714285714285714,0.838992948728988,PI,Nordeste,municipal,80.0,80.0,100.0,802.2091,5425,16163.133640552995,,0.161007051271012,3.8992948728987926,False,3.8992948728987926,False,1063,2
2207751,4,0.75,0.8410440606763359,PI,Nordeste,municipal,80.0,80.0,100.0,806.7368,4220,14864.454976303317,0.454,0.15895593932366414,4.10440606763359,False,4.10440606763359,False,1064,2
2202091,4,1.0,0.8421358646428893,PI,Nordeste,municipal,80.0,80.0,100.0,827.1008,5605,43490.99018733274,0.507,0.15786413535711075,4.213586464288923,False,4.213586464288923,False,1065,2
2313351,30,0.8,0.8424167732327689,CE,Nordeste,municipal,80.0,80.0,85.37,792.6717,17626,9891.580619539316,0.507,0.15758322676723113,4.241677323276889,False,4.241677323276889,False,1066,2
2207793,4,0.5,0.8427522753319113,PI,Nordeste,municipal,80.0,80.0,100.0,816.405,3972,11065.961732124873,0.586,0.15724772466808867,4.275227533191128,False,4.275227533191128,False,1067,2
2703007,14,0.42857142857142855,0.8477769803935787,AL,Nordeste,municipal,80.0,80.0,93.46,797.2188,13992,16000.786163522012,,0.15222301960642126,4.7776980393578725,False,4.7776980393578725,False,1068,2
5206800,5,0.4,0.8484939868779368,GO,Centro-Oeste,municipal,80.0,80.0,93.21,777.0055,2755,21997.8221415608,,0.15150601312206324,4.8493986877936806,False,4.8493986877936806,False,1069,2
2301950,56,0.8928571428571429,0.8529034195696804,CE,Nordeste,municipal,80.0,80.0,88.76,795.8001,23351,12395.400625240889,0.41,0.1470965804303196,5.290341956968035,False,5.290341956968035,False,1070,2
2313302,92,0.8913043478260869,0.8558209953953195,CE,Nordeste,municipal,80.0,80.0,87.18,798.7813,64255,14541.265271185122,,0.14417900460468047,5.582099539531953,False,5.582099539531953,False,1071,2
2309607,94,0.8191489361702128,0.856055956270831,CE,Nordeste,municipal,80.0,80.0,85.7,798.5172,74825,24163.955897093216,0.317,0.14394404372916902,5.6055956270830904,False,5.6055956270830904,False,1072,2
2207553,5,0.2,0.8572019940677915,PI,Nordeste,municipal,80.0,80.0,100.0,815.6324,3878,13722.79525528623,0.506,0.14279800593220848,5.720199406779159,False,5.720199406779159,False,1073,2
2301604,36,0.9722222222222222,0.8617272577383271,CE,Nordeste,municipal,80.0,80.0,90.73,803.265,22212,13947.595894111291,0.406,0.13827274226167285,6.17272577383271,False,6.17272577383271,False,1074,2
2303501,144,0.8194444444444444,0.8644775250691801,CE,Nordeste,municipal,80.0,80.0,87.56,799.2798,76365,17473.502258888235,,0.13552247493081993,6.4477525069180075,False,6.4477525069180075,False,1075,2
2306553,62,0.8709677419354839,0.870055158483093,CE,Nordeste,municipal,80.0,80.0,92.56,801.8838,45465,15642.03233256351,,0.129944841516907,7.005515848309301,False,7.005515848309301,False,1076,2
2313500,120,0.9,0.8729794609885488,CE,Nordeste,municipal,80.0,80.0,89.87,803.8745,61516,16891.264061382404,,0.12702053901145116,7.297946098854879,False,7.297946098854879,False,1077,2
2312106,20,0.95,0.8774070878691548,CE,Nordeste,municipal,80.0,80.0,89.48,801.4369,17388,10995.916724177594,0.467,0.12259291213084522,7.7407087869154765,False,7.7407087869154765,False,1078,2
2311207,11,0.9090909090909091,0.8810231251796445,CE,Nordeste,municipal,80.0,80.0,90.85,800.1922,8926,13553.775487340354,0.537,0.11897687482035546,8.10231251796445,False,8.10231251796445,False,1079,2
2304202,171,0.9473684210526315,0.9033281208985984,CE,Nordeste,municipal,80.0,80.0,93.55,816.1989,138232,17691.757335493952,,0.09667187910140163,10.332812089859843,False,10.332812089859843,False,1080,2
2311405,131,0.9694656488549618,0.912923069486717,CE,Nordeste,municipal,80.0,80.0,98.53,821.9508,85797,22478.163572152873,0.391,0.08707693051328302,11.292306948671694,False,11.292306948671694,False,1081,2
2300200,138,0.9565217391304348,0.9196160315633805,CE,Nordeste,municipal,80.0,80.0,95.81,816.4743,68758,18183.353209808312,,0.08038396843661955,11.961603156338043,False,11.961603156338043,False,1082,2
2313906,31,1.0,0.9215892822355211,CE,Nordeste,municipal,80.0,80.0,95.51,807.5846,14243,17870.813733061856,,0.07841071776447894,12.15892822355211,False,12.15892822355211,False,1083,2
2311264,33,1.0,0.925249319283881,CE,Nordeste,municipal,80.0,80.0,98.54,837.5048,20506,12186.579537696283,0.425,0.07475068071611901,12.5249319283881,False,12.5249319283881,False,1084,2
2314003,73,0.863013698630137,0.9284432510229369,CE,Nordeste,municipal,80.0,80.0,95.17,821.6184,40771,14108.410389737805,,0.0715567489770631,12.844325102293695,False,12.844325102293695,False,1085,2
2302305,43,0.9302325581395349,0.9287280706305509,CE,Nordeste,municipal,80.0,80.0,95.85,815.6104,34441,11078.888534014692,0.427,0.07127192936944915,12.872807063055092,False,12.872807063055092,False,1086,2
2313203,37,1.0,0.9297799171254499,CE,Nordeste,municipal,80.0,80.0,97.16,827.8207,25331,12601.239587856777,0.423,0.07022008287455006,12.977991712544991,False,12.977991712544991,False,1087,2
2307635,26,1.0,0.9361478936538205,CE,Nordeste,municipal,80.0,80.0,97.67,822.1445,17264,12493.975903614459,0.446,0.06385210634617955,13.614789365382052,False,13.614789365382052,False,1088,2
2301257,16,0.9375,0.9380522532368945,CE,Nordeste,municipal,80.0,80.0,98.92,831.3667,11485,12487.940792337831,,0.06194774676310555,13.805225323689442,False,13.805225323689442,False,1089,2
2304236,32,1.0,0.9399959936303436,CE,Nordeste,municipal,80.0,80.0,98.5,839.5392,18007,15703.17098905981,,0.060004006369656415,13.999599363034363,False,13.999599363034363,False,1090,2
2305605,25,0.92,0.9434023321598447,CE,Nordeste,municipal,80.0,80.0,98.8,827.6705,24530,16637.912759885854,0.519,0.0565976678401553,14.340233215984469,False,14.340233215984469,False,1091,2
2300606,14,0.9285714285714286,0.9459748307787808,CE,Nordeste,municipal,80.0,80.0,100.0,847.2634,6970,13217.790530846485,0.316,0.05402516922121925,14.597483077878081,False,14.597483077878081,False,1092,2
2309003,28,1.0,0.9474586119756555,CE,Nordeste,municipal,80.0,80.0,97.92,829.7948,14009,12285.245199514598,,0.05254138802434449,14.745861197565546,False,14.745861197565546,False,1093,2
2304350,37,1.0,0.9475332450293621,CE,Nordeste,municipal,80.0,80.0,100.0,861.4917,25127,13782.146694790465,0.323,0.05246675497063791,14.75332450293621,False,14.75332450293621,False,1094,2
2303105,22,1.0,0.9500639955502805,CE,Nordeste,municipal,80.0,80.0,99.57,836.2989,18075,13529.073305670816,0.355,0.04993600444971946,15.006399555028054,False,15.006399555028054,False,1095,2
2305209,27,1.0,0.9522897701356879,CE,Nordeste,municipal,80.0,80.0,99.02,829.7064,18225,13148.257887517148,,0.04771022986431206,15.228977013568795,False,15.228977013568795,False,1096,2
2309201,29,1.0,0.9535602192348527,CE,Nordeste,municipal,80.0,80.0,100.0,851.2765,15960,12959.83709273183,,0.04643978076514732,15.356021923485272,False,15.356021923485272,False,1097,2
2312007,28,1.0,0.9542190705400907,CE,Nordeste,municipal,80.0,80.0,99.18,822.1316,32043,10991.230533969978,0.529,0.0457809294599093,15.421907054009068,False,15.421907054009068,False,1098,2
2312700,29,1.0,0.9558606555246862,CE,Nordeste,municipal,80.0,80.0,100.0,819.031,25143,18848.18836256612,,0.04413934447531376,15.586065552468625,False,15.586065552468625,False,1099,2
